"","presence","Host","Pathogen","Order","Family","StageInfected","TissueInfected","FieldOrLab","Country","AssociatedBacterium","IntermediateHost"
"1",1,"Bibio ferruginatus","Steinernema affinis","Rhabditida","Steinernematidae","Larva","Hemocoel","Field","Denmark","Xenorhabdus bovienii","none"
"2",1,"Bibio hortulana","Steinernema affinis","Rhabditida","Steinernematidae","Larva","Hemocoel","Field","Denmark","Xenorhabdus bovienii","none"
"3",1,"Dilophus vulgaris","Steinernema affinis","Rhabditida","Steinernematidae","Larva","Hemocoel","Field","Denmark","Xenorhabdus bovienii","none"
"4",1,"Helina duplicata","Steinernema affinis","Rhabditida","Steinernematidae","Larva","Hemocoel","Field","Germany","Xenorhabdus bovienii","none"
"5",1,"Anomala dubia","Steinernema arenarium","Rhabditida","Steinernematidae","Larva","Hemocoel","Field","Russia","Xenorhabdus sp.","none"
"6",1,"Anomala dubia","Steinernema arenarium","Rhabditida","Steinernematidae","Larva","Hemocoel","Field","Russia","Xenorhabdus sp.","none"
"7",1,"Melolontha hippocastani","Steinernema arenarium","Rhabditida","Steinernematidae","Larva","Hemocoel","Field","Russia","Xenorhabdus sp.","none"
"8",1,"Agriotes lineatus","Steinernema carpocapsae","Rhabditida","Steinernematidae","Larva","Hemocoel","Field","Russia","Xenorhabdus nematophilus","none"
"9",1,"Popillia japonica","Steinernema carpocapsae","Rhabditida","Steinernematidae","Larva","Hemocoel","Field","USA","Xenorhabdus nematophilus","none"
"10",1,"Popillia japonica","Steinernema carpocapsae","Rhabditida","Steinernematidae","Larva","Hemocoel","Field","USA","Xenorhabdus nematophilus","none"
"11",1,"Graphognathus leucoloma","Steinernema carpocapsae","Rhabditida","Steinernematidae","Larva","Hemocoel","Field","Argentina","Xenorhabdus nematophilus","none"
"12",1,"Otiorhynchus sulcatus","Steinernema carpocapsae","Rhabditida","Steinernematidae","Larva","Hemocoel","Field","France","Xenorhabdus nematophilus","none"
"13",1,"Cleonis mendicus","Steinernema carpocapsae","Rhabditida","Steinernematidae","Larva","Hemocoel","Field","Italy","Xenorhabdus nematophilus","none"
"14",1,"Hylobius pales","Steinernema carpocapsae","Rhabditida","Steinernematidae","Larva","Hemocoel","Field","Sweden","Xenorhabdus nematophilus","none"
"15",1,"Vespula sp.","Steinernema carpocapsae","Rhabditida","Steinernematidae","Larva","Hemocoel","Field","Tasmania","Xenorhabdus nematophilus","none"
"16",1,"Cephalcia lariciphila","Steinernema carpocapsae","Rhabditida","Steinernematidae","Pupa","Hemocoel","Field","United Kingdom","Xenorhabdus nematophilus","none"
"17",1,"Rhagoletis pomonella","Steinernema carpocapsae","Rhabditida","Steinernematidae","Pupa","Hemocoel","Field","USA","Xenorhabdus nematophilus","none"
"18",1,"Cydia pomonella","Steinernema carpocapsae","Rhabditida","Steinernematidae","Larva","Hemocoel","Field","USA","Xenorhabdus nematophilus","none"
"19",1,"Cydia pomonella","Steinernema carpocapsae","Rhabditida","Steinernematidae","Larva","Hemocoel","Field","USA","Xenorhabdus nematophilus","none"
"20",1,"Cydia pomonella","Steinernema carpocapsae","Rhabditida","Steinernematidae","Larva","Hemocoel","Field","Mexico","Xenorhabdus nematophilus","none"
"21",1,"Cydia pomonella","Steinernema carpocapsae","Rhabditida","Steinernematidae","Larva","Hemocoel","Field","Czech Republic","Xenorhabdus nematophilus","none"
"22",1,"Cydia pomonella","Steinernema carpocapsae","Rhabditida","Steinernematidae","Larva","Hemocoel","Field","Poland","Xenorhabdus nematophilus","none"
"23",1,"Cydia pomonella","Steinernema carpocapsae","Rhabditida","Steinernematidae","Larva","Hemocoel","Field","Poland, Italy","Xenorhabdus nematophilus","none"
"24",1,"Cydia pomonella","Steinernema carpocapsae","Rhabditida","Steinernematidae","Larva","Hemocoel","Field","Italy","Xenorhabdus nematophilus","none"
"25",1,"Cydia pomonella","Steinernema carpocapsae","Rhabditida","Steinernematidae","Larva","Hemocoel","Field","","Xenorhabdus nematophilus","none"
"26",1,"Agrotis segetum","Steinernema carpocapsae","Rhabditida","Steinernematidae","Larva","Hemocoel","Field","Poland","Xenorhabdus nematophilus","none"
"27",1,"Mamestra brassicae","Steinernema carpocapsae","Rhabditida","Steinernematidae","LarvaPupa","Hemocoel","Field","Poland","Xenorhabdus nematophilus","none"
"28",1,"Helicoverpa armigera","Steinernema carpocapsae","Rhabditida","Steinernematidae","Larva","Hemocoel","Field","USA","Xenorhabdus nematophilus","none"
"29",1,"Pieris brassicae","Steinernema carpocapsae","Rhabditida","Steinernematidae","LarvaPupa","Hemocoel","Field","Poland","Xenorhabdus nematophilus","none"
"30",1,"Vitacea polistiformis","Steinernema carpocapsae","Rhabditida","Steinernematidae","Larva","Hemocoel","Field","USA","Xenorhabdus nematophilus","none"
"31",1,"Semiothisa pumila","Steinernema carpocapsae","Rhabditida","Steinernematidae","Larva","Hemocoel","Field","","Xenorhabdus nematophilus","none"
"32",1,"Pardileus calceatus","Steinernema feltiae","Rhabditida","Steinernematidae","Larva","Hemocoel","Field","","Xenorhabdus bovienii","none"
"33",1,"Selatosomus melancholicus","Steinernema feltiae","Rhabditida","Steinernematidae","Larva","Hemocoel","Field","Russia","Xenorhabdus bovienii","none"
"34",1,"Pytho depressus","Steinernema feltiae","Rhabditida","Steinernematidae","Larva","Hemocoel","Field","Russia","Xenorhabdus bovienii","none"
"35",1,"Rhagium inquisitor","Steinernema feltiae","Rhabditida","Steinernematidae","Larva","Hemocoel","Field","Russia","Xenorhabdus bovienii","none"
"36",1,"Amphimallon solstitialis","Steinernema feltiae","Rhabditida","Steinernematidae","Larva","Hemocoel","Field","","Xenorhabdus bovienii","none"
"37",1,"Melolontha afflicta","Steinernema feltiae","Rhabditida","Steinernematidae","Larva","Hemocoel","Field","","Xenorhabdus bovienii","none"
"38",1,"Onitis alexis","Steinernema feltiae","Rhabditida","Steinernematidae","Larva","Hemocoel","Field","","Xenorhabdus bovienii","none"
"39",1,"Pentodon algerinum","Steinernema feltiae","Rhabditida","Steinernematidae","Larva","Hemocoel","Field","","Xenorhabdus bovienii","none"
"40",1,"Capnodis tenebrionis","Steinernema feltiae","Rhabditida","Steinernematidae","Larva","Hemocoel","Field","Spain","Xenorhabdus bovienii","none"
"41",1,"Graphognathus leucoloma","Steinernema feltiae","Rhabditida","Steinernematidae","Larva","Hemocoel","Field","New Zealand","Xenorhabdus bovienii","none"
"42",1,"Otiorhynchus sulcatus","Steinernema feltiae","Rhabditida","Steinernematidae","Larva","Hemocoel","Field","Tazmania","Xenorhabdus bovienii","none"
"43",1,"Otiorhynchus ovatus","Steinernema feltiae","Rhabditida","Steinernematidae","Larva","Hemocoel","Field","Finland","Xenorhabdus bovienii","none"
"44",1,"Otiorhynchus dubius","Steinernema feltiae","Rhabditida","Steinernematidae","Larva","Hemocoel","Field","Finland","Xenorhabdus bovienii","none"
"45",1,"Phyllobius urticae","Steinernema feltiae","Rhabditida","Steinernematidae","Larva","Hemocoel","Field","Germany","Xenorhabdus bovienii","none"
"46",1,"Bothynoderis punctiventris","Steinernema feltiae","Rhabditida","Steinernematidae","Larva","Hemocoel","Field","","Xenorhabdus bovienii","none"
"47",1,"Temnorrrhinus mendicus","Steinernema feltiae","Rhabditida","Steinernematidae","Larva","Hemocoel","Field","Italy","Xenorhabdus bovienii","none"
"48",1,"Hylobius abietis","Steinernema feltiae","Rhabditida","Steinernematidae","Adult","Hemocoel","Field","Czech Republic","Xenorhabdus bovienii","none"
"49",1,"Bibio hortulana","Steinernema feltiae","Rhabditida","Steinernematidae","Larva","Hemocoel","Field","Denmark","Xenorhabdus bovienii","none"
"50",1,"Bibio ferruginatus","Steinernema feltiae","Rhabditida","Steinernematidae","Larva","Hemocoel","Field","Denmark","Xenorhabdus bovienii","none"
"51",1,"Bibio fulviventris","Steinernema feltiae","Rhabditida","Steinernematidae","Larva","Hemocoel","Field","Germany","Xenorhabdus bovienii","none"
"52",1,"Bibio laniger","Steinernema feltiae","Rhabditida","Steinernematidae","Larva","Hemocoel","Field","Germany","Xenorhabdus bovienii","none"
"53",1,"Bibio varipes","Steinernema feltiae","Rhabditida","Steinernematidae","Larva","Hemocoel","Field","Germany","Xenorhabdus bovienii","none"
"54",1,"Helicoverpa armigera","Steinernema feltiae","Rhabditida","Steinernematidae","Larva","Hemocoel","Field","Australia","Xenorhabdus bovienii","none"
"55",1,"Crambus simplex","Steinernema feltiae","Rhabditida","Steinernematidae","Larva","Hemocoel","Field","New Zealand","Xenorhabdus bovienii","none"
"56",1,"Leucania acontistis","Steinernema feltiae","Rhabditida","Steinernematidae","Pupa","Hemocoel","Field","New Zealand","Xenorhabdus bovienii","none"
"57",1,"Agrotis ipsilon","Steinernema feltiae","Rhabditida","Steinernematidae","Larva","Hemocoel","Field","New Zealand, Spain","Xenorhabdus bovienii","none"
"58",1,"Agrotis segetum","Steinernema feltiae","Rhabditida","Steinernematidae","Larva","Hemocoel","Field","Spain","Xenorhabdus bovienii","none"
"59",1,"Agrotinae sp.","Steinernema feltiae","Rhabditida","Steinernematidae","Larva","Hemocoel","Field","Russia","Xenorhabdus bovienii","none"
"60",1,"Migdolus fryanus","Steinernema glaseri","Rhabditida","Steinernematidae","Larva","Hemocoel","Field","Brasil","Xenorhabdus poinarii","none"
"61",1,"Popillia japonica","Steinernema glaseri","Rhabditida","Steinernematidae","Larva","Hemocoel","Field","USA","Xenorhabdus poinarii","none"
"62",1,"Strigoderma arboricola","Steinernema glaseri","Rhabditida","Steinernematidae","Larva","Hemocoel","Field","USA","Xenorhabdus poinarii","none"
"63",1,"Anomala flavipennis","Steinernema glaseri","Rhabditida","Steinernematidae","Larva","Hemocoel","Field","USA","Xenorhabdus poinarii","none"
"64",1,"Cephalcia abietis","Steinernema kraussei ","Rhabditida","Steinernematidae","Pupa","Hemocoel","Field","Germany, Czech Republic, Austria","Xenorhabdus bovienii","none"
"65",1,"Cephalcia abietis","Steinernema kraussei","Rhabditida","Steinernematidae","Larva","Hemocoel","Field","Germany","Xenorhabdus bovienii","none"
"66",1,"Cephalcia abietis","Steinernema kraussei","Rhabditida","Steinernematidae","Larva","Hemocoel","Field","Czech Republic","Xenorhabdus bovienii","none"
"67",1,"Cephalcia abietis","Steinernema kraussei","Rhabditida","Steinernematidae","Larva","Hemocoel","Field","Austria","Xenorhabdus bovienii","none"
"68",1,"Cephalcia falleni","Steinernema kraussei","Rhabditida","Steinernematidae","Larva","Hemocoel","Field","Germany","Xenorhabdus bovienii","none"
"69",1,"Anomala cuprea","Steinernema kushidai","Rhabditida","Steinernematidae","Larva","Hemocoel","Field","Japan","Xenorhabdus japonica","none"
"70",1,"Neocurtilla hexadactyla","Steinernema neocurtillis","Rhabditida","Steinernematidae","Adult","Hemocoel","Field","USA","undescribed","none"
"71",1,"Heliothis sp.","Steinernema rarum","Rhabditida","Steinernematidae","Larva","Hemocoel","Field","Argentina","Xenorhabdus sp.","none"
"72",1,"Helicoverpa zea","Steinernema riobravis","Rhabditida","Steinernematidae","Pupa","Hemocoel","Field","USA","undescribed","none"
"73",1,"Spodoptera frugiperda","Steinernema riobravis","Rhabditida","Steinernematidae","Pupa","Hemocoel","Field","USA","undescribed","none"
"74",1,"Scapteriscus vicinus","Steinernema scapterisci","Rhabditida","Steinernematidae","Adult","Hemocoel","Field","Uruguay","Xenorhabdus sp.","none"
"75",1,"Scapteriscus borellii","Steinernema scapterisci","Rhabditida","Steinernematidae","Larva","Hemocoel","Field","Argentina","Xenorhabdus sp.","none"
"76",1,"Scapteriscus vicinus","Steinernema scapterisci","Rhabditida","Steinernematidae","Adult","Hemocoel","Field","USA","Xenorhabdus sp.","none"
"77",1,"Scapteriscus borellii","Steinernema scapterisci","Rhabditida","Steinernematidae","Adult","Hemocoel","Field","USA","Xenorhabdus sp.","none"
"78",1,"Phyllopertha horticola","Steinernema sp.","Rhabditida","Steinernematidae","Larva","Hemocoel","Field","The Netherlands","undescribed","none"
"79",1,"Amphimallon solstitialis","Steinernema sp.","Rhabditida","Steinernematidae","Larva","Hemocoel","Field","The Netherlands","undescribed","none"
"80",1,"Scitala sericans","Steinernema sp.","Rhabditida","Steinernematidae","Larva","Hemocoel","Field","Australia","undescribed","none"
"81",1,"Adoryphorus couloni","Steinernema sp.","Rhabditida","Steinernematidae","Larva","Hemocoel","Field","Australia","undescribed","none"
"82",1,"Leptinotarsa decemlineata","Steinernema sp.","Rhabditida","Steinernematidae","Larva","Hemocoel","Field","","undescribed","none"
"83",1,"Graphognathus sp.","Steinernema sp.","Rhabditida","Steinernematidae","Larva","Hemocoel","Field","","undescribed","none"
"84",1,"Cryptorrhynchus lapathi","Steinernema sp.","Rhabditida","Steinernematidae","Larva","Hemocoel","Field","Czech Republic","undescribed","none"
"85",1,"Acantholyda posticalis","Steinernema sp.","Rhabditida","Steinernematidae","Larva","Hemocoel","Field","Poland","undescribed","none"
"86",1,"Operophtera brumata","Steinernema sp.","Rhabditida","Steinernematidae","Larva","Hemocoel","Field","","undescribed","none"
"87",1,"Agrotis ipsilon","Steinernema sp.","Rhabditida","Steinernematidae","Larva","Hemocoel","Field","Spain","undescribed","none"
"88",1,"Agrotis segetum","Steinernema sp.","Rhabditida","Steinernematidae","Larva","Hemocoel","Field","Spain","undescribed","none"
"89",1,"Sesamia nonagrioides","Steinernema sp.","Rhabditida","Steinernematidae","Larva","Hemocoel","Field","Spain","undescribed","none"
"90",1,"Reticulitermes flavipes","Neosteinernema longicurvicaudum","Rhabditida","Steinernematidae","AdultNymph","Head","Field","USA","undescribed","none"
"91",1,"Popillia japonica","Heterorhabditis bacteriophora","Rhabditida","Heterorhabditidae","Larva","Hemocoel","Field","USA","Photorhabdus luminescens","none"
"92",1,"Amphimallon solstitialis","Heterorhabditis bacteriophora","Rhabditida","Heterorhabditidae","Larva","Hemocoel","Field","Germany","Photorhabdus luminescens","none"
"93",1,"Cyclocephala hirta","Heterorhabditis bacteriophora","Rhabditida","Heterorhabditidae","Larva","Hemocoel","Field","USA","Photorhabdus luminescens","none"
"94",1,"Phyllophaga sp.","Heterorhabditis bacteriophora","Rhabditida","Heterorhabditidae","Larva","Hemocoel","Field","USA","Photorhabdus luminescens","none"
"95",1,"Diabrotica balteata","Heterorhabditis bacteriophora","Rhabditida","Heterorhabditidae","Larva","Hemocoel","Field","USA","Photorhabdus luminescens","none"
"96",1,"Curculio caryae","Heterorhabditis bacteriophora","Rhabditida","Heterorhabditidae","Larva","Hemocoel","Field","USA","Photorhabdus luminescens","none"
"97",1,"Diaprepes abbreviatus","Heterorhabditis bacteriophora","Rhabditida","Heterorhabditidae","Larva","Hemocoel","Field","USA","Photorhabdus luminescens","none"
"98",1,"Diaprepes abbreviatus","Heterorhabditis bacteriophora","Rhabditida","Heterorhabditidae","Larva","Hemocoel","Field","USA","Photorhabdus luminescens","none"
"99",1,"Helicoverpa punctigera","Heterorhabditis bacteriophora","Rhabditida","Heterorhabditidae","Larva","Hemocoel","Field","Australia","Photorhabdus luminescens","none"
"100",1,"Helicoverpa zea","Heterorhabditis bacteriophora","Rhabditida","Heterorhabditidae","Larva","Hemocoel","Field","USA","Photorhabdus luminescens","none"
"101",1,"Diatraea grandiosella","Heterorhabditis bacteriophora","Rhabditida","Heterorhabditidae","Larva","Hemocoel","Field","USA","Photorhabdus sp.","none"
"102",1,"Popillia japonica","Heterorhabditis megidis","Rhabditida","Heterorhabditidae","Larva","Hemocoel","Field","USA","Photorhabdus sp.","none"
"103",1,"Popillia japonica","Heterorhabditis megidis","Rhabditida","Heterorhabditidae","Larva","Hemocoel","Field","USA","Photorhabdus sp.","none"
"104",1,"Phyllopertha horticola","Heterorhabditis megidis","Rhabditida","Heterorhabditidae","Larva","Hemocoel","Field","The Netherlands","Photorhabdus sp.","none"
"105",1,"Phyllopertha horticola","Heterorhabditis megidis","Rhabditida","Heterorhabditidae","Larva","Hemocoel","Field","The Netherlands","Photorhabdus sp.","none"
"106",1,"Phyllopertha horticola","Heterorhabditis megidis","Rhabditida","Heterorhabditidae","Larva","Hemocoel","Field","The Netherlands","Photorhabdus sp.","none"
"107",1,"Phyllopertha horticola","Heterorhabditis megidis","Rhabditida","Heterorhabditidae","Larva","Hemocoel","Field","The Netherlands","Photorhabdus sp.","none"
"108",1,"Phyllopertha horticola","Heterorhabditis megidis","Rhabditida","Heterorhabditidae","Larva","Hemocoel","Field","The Netherlands","Photorhabdus sp.","none"
"109",1,"Amphimallon solstitialis","Heterorhabditis megidis","Rhabditida","Heterorhabditidae","Larva","Hemocoel","Field","The Netherlands","Photorhabdus sp.","none"
"110",1,"Amphimallon solstitialis","Heterorhabditis megidis","Rhabditida","Heterorhabditidae","Larva","Hemocoel","Field","The Netherlands","Photorhabdus sp.","none"
"111",1,"Otiorhynchus sulcatus","Heterorhabditis megidis","Rhabditida","Heterorhabditidae","Larva","Hemocoel","Field","Germany","Photorhabdus sp.","none"
"112",1,"Heteronychus arator","Heterorhabditis zealandica","Rhabditida","Heterorhabditidae","Larva","Hemocoel","Field","New Zealand","Photorhabdus sp.","none"
"113",1,"Agriotes ponticus","Heterorhabditis sp.","Rhabditida","Heterorhabditidae","Larva","Hemocoel","Field","Republica Moldova","Photorhabdus sp.","none"
"114",1,"Hoplocampa testudinae","Heterorhabditis sp.","Rhabditida","Heterorhabditidae","Larva","Hemocoel","Field","Poland","Photorhabdus sp.","none"
"115",1,"Phyllopertha horticola","Heterorhabditis sp.","Rhabditida","Heterorhabditidae","Larva","Hemocoel","Field","Germany","Photorhabdus sp.","none"
"116",1,"Popillia japonica","Heterorhabditis sp.","Rhabditida","Heterorhabditidae","Larva","Hemocoel","Field","USA","Photorhabdus sp.","none"
"117",1,"Popillia japonica","Heterorhabditis sp.","Rhabditida","Heterorhabditidae","Larva","Hemocoel","Field","USA","Photorhabdus sp.","none"
"118",1,"Lepidiota crinita","Heterorhabditis sp.","Rhabditida","Heterorhabditidae","Larva","Hemocoel","Field","Australia","Photorhabdus sp.","none"
"119",1,"Lepidiota negatoria","Heterorhabditis sp.","Rhabditida","Heterorhabditidae","Larva","Hemocoel","Field","Australia","Photorhabdus sp.","none"
"120",1,"Lepidiota picticollis","Heterorhabditis sp.","Rhabditida","Heterorhabditidae","Larva","Hemocoel","Field","Australia","Photorhabdus sp.","none"
"121",1,"Antitrogus consanguineus","Heterorhabditis sp.","Rhabditida","Heterorhabditidae","Larva","Hemocoel","Field","Australia","Photorhabdus sp.","none"
"122",1,"Graphognathus leucoloma","Heterorhabditis sp.","Rhabditida","Heterorhabditidae","Larva","Hemocoel","Field","Australia","Photorhabdus sp.","none"
"123",1,"Graphognathus leucoloma","Heterorhabditis sp.","Rhabditida","Heterorhabditidae","Larva","Hemocoel","Field","USA, Australia","Photorhabdus lsp.","none"
"124",1,"Cylas formicarius","Heterorhabditis sp.","Rhabditida","Heterorhabditidae","Larva","Hemocoel","Field","Cuba","Photorhabdus sp.","none"
"125",1,"Pachnaeus litus","Heterorhabditis sp.","Rhabditida","Heterorhabditidae","Larva","Hemocoel","Field","Cuba","Photorhabdus sp.","none"
"126",1,"Pericoptus truncatus","Heterorhabditis sp.","Rhabditida","Heterorhabditidae","Larva","Hemocoel","Field","New Zealand","Photorhabdus sp.","none"
"127",1,"Hepialus californicus","Heterorhabditis hepialus ","Rhabditida","Heterorhabditidae","Larva","Hemocoel","Field","USA","Photorhabdus sp.","none"
"128",1,"Gasterocercodes brasiliensis","Heterorhabditis sp.","Rhabditida","Heterorhabditidae","Larva","Hemocoel","Field","","Photorhabdus sp.","none"
"129",1,"Dilophus vulgaris","Steinernema feltiae","Rhabditida","Steinernematidae","Larva","Hemocoel","Field","Denmark","Xenorhabdus bovienii","none"
"130",1,"Acheta domesticus","Steinernema scapterisci","Rhabditida","Steinernematidae","Adult","hemocoel","Lab","USA","none","none"
"131",1,"Scapteriscus borellii","Steinernema scapterisci","Rhabditida","Steinernematidae","Adult","hemocoel","Lab","USA","none","none"
"132",1,"Scapteriscus vicinus","Steinernema scapterisci","Rhabditida","Steinernematidae","Adult","hemocoel","Lab","USA","none","none"
"133",1,"Heteronychus arator","Heterorhabditis zealandica","Rhabditida","Heterorhabditidae","Larva","Hemocoel","Field","New Zealand","Photorhabdus sp.","none"
"134",1,"Costelytra zealandica","Cephalobellus costelytrae","Rhabditida","Cephalobidae","Larva","","Field","New Zealand","none",""
"135",1,"Austrosimulium multicorne","Austromemermis namis","Stichosomida","Mermithidae","","","Field","New Zealand","none",""
"136",1,"Neocurupira hudsoni","Blepharomermis craigi","Stichosomida","Mermithidae","","","Field","New Zealand","none",""
"137",1,"Costelytra zealandica","Psammomermis canterburiensis","Stichosomida","Mermithidae","","","Field","New Zealand","none",""
"138",1,"Sirex noctilio","Delandenus siricidicola","Stichosomida","Mermithidae","","","Field","New Zealand","none",""
"139",1,"Platyzosteria novaeseelandiae","Blatticola tuapakae","Rhabditida","Thelastomatidae","","","Field","New Zealand","none",""
"140",1,"Platyzosteria novaeseelandiae","Protrellina gurri ","Rhabditida","Thelastomatidae","","","Field","New Zealand","none",""
"141",1,"Pericoptus truncatus","Tetleyus pericopti","Rhabditida","Thelastomatidae","Larva","","Field","New Zealand","none",""
"142",1,"Eudonia sabulosella","Steinernema feltiae","Rhabditida","Steinernematidae","","Hemocoel","Field","New Zealand","Xenorhabdus bovienii","none"
"143",1,"Popillia japonica","Heterorhabditis bacteriophora","Rhabditida","Heterorhabditidae","Larva","Hemocoel","Field","","Photorhabdus luminescens","none"
"144",1,"Cyclocephala borealis","Steinernema carpocapsae","Rhabditida","Steinernematidae","Larva","hemocoel","Field","","Xenorhabdus nematophilus","none"
"145",1,"Cyclocephala borealis","Heterorhabditis bacteriophora","Rhabditida","Heterorhabditidae","Larva","Hemocoel","Field","","Photorhabdus luminescens","none"
"146",1,"Cyclocephala hirta","Heterorhabditis bacteriophora","Rhabditida","Heterorhabditidae","Larva","Hemocoel","Field","","Photorhabdus luminescens","none"
"147",1,"Popillia japonica","Heterorhabditis bacteriophora","Rhabditida","Heterorhabditidae","Larva","Hemocoel","Field","USA","Photorhabdus luminescens","none"
"148",1,"Popillia japonica","Heterorhabditis sp.","Rhabditida","Heterorhabditidae","Larva","Hemocoel","Lab","","Photorhabdus sp.","none"
"149",1,"Popillia japonica","Steinernema carpocapsae","Rhabditida","Steinernematidae","Larva","Hemocoel","Field","","Xenorhabdus nematophilus","none"
"150",1,"Rhizotrogus majalis","Steinernema carpocapsae","Rhabditida","Steinernematidae","Larva","hemocoel","Field","","Xenorhabdus nematophilus","none"
"151",1,"Rhizotrogus majalis","Steinernema glaseri","Rhabditida","Steinernematidae","Larva","hemocoel","Field","","Xenorhabdus poinarii","none"
"152",1,"Rhizotrogus majalis","Heterorhabditis bacteriophora","Rhabditida","Heterorhabditidae","Larva","Hemocoel","Field","","Photorhabdus luminescens","none"
"153",1,"Rhizotrogus majalis","Heterorhabditis sp.","Rhabditida","Heterorhabditidae","Larva","Hemocoel","Field","","Photorhabdus sp.","none"
"154",1,"Phyllopertha horticola","Heterorhabditis megidis","Rhabditida","Heterorhabditidae","Larva","Hemocoel","Field","The Netherlands","Photorhabdus sp.","none"
"155",1,"Costelytra zealandica","Steinernema glaseri","Rhabditida","Steinernematidae","Larva","hemocoel","Field","","Xenorhabdus poinarii","none"
"156",1,"Costelytra zealandica","Heterorhabditis bacteriophora","Rhabditida","Heterorhabditidae","Larva","Hemocoel","Field","","Photorhabdus luminescens","none"
"157",1,"Adoryphorus couloni","Steinernema glaseri","Rhabditida","Steinernematidae","Larva","hemocoel","Field","","Xenorhabdus poinarii","none"
"158",1,"Alissonotum impressicolle","Steinernema glaseri","Rhabditida","Steinernematidae","Larva","hemocoel","Field","","Xenorhabdus poinarii","none"
"159",1,"Ligyrus subtropicus","Steinernema glaseri","Rhabditida","Steinernematidae","Larva","hemocoel","Field","","Xenorhabdus poinarii","none"
"160",1,"Alissonotum impressicolle","Heterorhabditis sp.","Rhabditida","Heterorhabditidae","Larva","Hemocoel","Field","","Photorhabdus sp.","none"
"161",1,"Ligyrus subtropicus","Steinernema carpocapsae","Rhabditida","Steinernematidae","Larva","hemocoel","Field","","Xenorhabdus nematophilus","none"
"162",1,"Popillia japonica","Steinernema carpocapsae","Rhabditida","Steinernematidae","Larva","Hemocoel","Field","","Xenorhabdus nematophilus","none"
"163",1,"Otiorhynchus sulcatus","Heterorhabditis bacteriophora","Rhabditida","Heterorhabditidae","Larva","Hemocoel","Field","","Photorhabdus sp.","none"
"164",1,"Otiorhynchus sulcatus","Heterorhabditis bacteriophora","Rhabditida","Heterorhabditidae","Larva","Hemocoel","Field","","Photorhabdus sp.","none"
"165",1,"Otiorhynchus sulcatus","Heterorhabditis sp.","Rhabditida","Heterorhabditidae","Larva","Hemocoel","Field","","Photorhabdus sp.","none"
"166",1,"Otiorhynchus ovatus","Steinernema carpocapsae","Rhabditida","Steinernematidae","Larva","Hemocoel","Field","","Xenorhabdus bovienii","none"
"167",1,"Otiorhynchus ovatus","Steinernema glaseri","Rhabditida","Steinernematidae","Larva","Hemocoel","Field","","Xenorhabdus bovienii","none"
"168",1,"Otiorhynchus ovatus","Heterorhabditis bacteriophora","Rhabditida","Heterorhabditidae","Larva","Hemocoel","Field","","Photorhabdus sp.","none"
"169",1,"Diaprepes abbreviatus","Steinernema carpocapsae","Rhabditida","Steinernematidae","Larva","Hemocoel","Field","","Xenorhabdus nematophilus","none"
"170",1,"Diaprepes abbreviatus","Steinernema glaseri","Rhabditida","Steinernematidae","Larva","Hemocoel","Field","","Xenorhabdus bovienii","none"
"171",1,"Graphognathus sp.","Steinernema carpocapsae","Rhabditida","Steinernematidae","Larva","Hemocoel","Field","","undescribed","none"
"172",1,"Graphognathus sp.","Steinernema glaseri","Rhabditida","Steinernematidae","Larva","hemocoel","Field","","Xenorhabdus poinarii","none"
"173",1,"Hylobius abietis","Steinernema carpocapsae","Rhabditida","Steinernematidae","Larva","Hemocoel","Field","","Xenorhabdus nematophilus","none"
"174",1,"Curculio caryae","Steinernema carpocapsae","Rhabditida","Steinernematidae","Larva","Hemocoel","Field","","Xenorhabdus nematophilus","none"
"175",1,"Sphenophorus parvulus","Steinernema carpocapsae","Rhabditida","Steinernematidae","Larva","Hemocoel","Field","","Xenorhabdus nematophilus","none"
"176",1,"Sphenophorus parvulus","Heterorhabditis bacteriophora","Rhabditida","Heterorhabditidae","Larva","Hemocoel","Field","","Photorhabdus sp.","none"
"177",1,"Anasa tristis","Steinernema carpocapsae","Rhabditida","Steinernematidae","","hemocoel","Field","","Xenorhabdus nematophilus","none"
"178",1,"Holcocerus insularis","Steinernema affinis","Rhabditida","Steinernematidae","Larva","Hemocoel","Field","","Xenorhabdus bovienii","none"
"179",1,"Amyelois transitella","Steinernema carpocapsae","Rhabditida","Steinernematidae","","hemocoel","Field","","Xenorhabdus nematophilus","none"
"180",1,"Cydia pomonella","Steinernema carpocapsae","Rhabditida","Steinernematidae","Larva","Hemocoel","Field","","Xenorhabdus nematophilus","none"
"181",1,"Platyptilia carduidactyla","Steinernema carpocapsae","Rhabditida","Steinernematidae","Larva","Hemocoel","Field","","Xenorhabdus nematophilus","none"
"182",1,"Monochamus alternatus","Steinernema carpocapsae","Rhabditida","Steinernematidae","Larva","Hemocoel","Field","Japan","Xenorhabdus nematophilus","none"
"183",1,"Monochamus alternatus","Steinernema glaseri","Rhabditida","Steinernematidae","Larva","hemocoel","Field","Japan","Xenorhabdus poinarii","none"
"184",1,"Monochamus alternatus","Steinernema feltiae","Rhabditida","Steinernematidae","","Hemocoel","Field","Japan","Xenorhabdus bovienii","none"
"185",1,"Monochamus alternatus","Heterorhabditis bacteriophora","Rhabditida","Heterorhabditidae","Larva","Hemocoel","Field","Japan","Photorhabdus sp.","none"
"186",1,"Liriomyza trifolii","Steinernema carpocapsae","Rhabditida","Steinernematidae","Larva","Hemocoel","Lab","Japan","Xenorhabdus nematophilus","none"
"187",1,"Blattella germanica","Steinernema carpocapsae","Rhabditida","Steinernematidae","Larva","Hemocoel","Field","","Xenorhabdus nematophilus","none"
"188",1,"Periplaneta americana","Heterorhabditis zealandica","Rhabditida","Heterorhabditidae","Nymph","Hemocoel","Field","New Zealand","Photorhabdus sp.","none"
"189",1,"Musca domestica","Heterorhabditis bacteriophora","Rhabditida","Heterorhabditidae","Adult","Hemocoel","Field","","Photorhabdus sp.","none"
"190",1,"Musca domestica","Steinernema carpocapsae","Rhabditida","Steinernematidae","Adult","hemocoel","Field","","Xenorhabdus nematophilus","none"
"191",1,"Lycoriella auripila","Steinernema carpocapsae","Rhabditida","Steinernematidae","Larva","hemocoel","Field","","Xenorhabdus nematophilus","none"
"192",1,"Lycoriella auripila","Steinernema feltiae","Rhabditida","Steinernematidae","","Hemocoel","Field","","Xenorhabdus bovienii","none"
"193",1,"Lycoriella auripila","Heterorhabditis bacteriophora","Rhabditida","Heterorhabditidae","Adult","Hemocoel","Field","","Photorhabdus sp.","none"
"194",1,"Alphitobius diaperinus","Steinernema carpocapsae","Rhabditida","Steinernematidae","Larva","hemocoel","Field","","Xenorhabdus nematophilus","none"
"195",1,"Lissorhoptrus oryzophilus","Steinernema carpocapsae","Rhabditida","Steinernematidae","Larva","hemocoel","Field","","Xenorhabdus nematophilus","none"
"196",1,"Gryllus sp.","Steinernema scapterisci","Rhabditida","Steinernematidae","Adult","hemocoel","Lab","USA","none","none"
"197",1,"Periplaneta americana","Steinernema scapterisci","Rhabditida","Steinernematidae","Adult","hemocoel","Lab","USA","none","none"
"198",1,"Scapteriscus abbreviatus","Steinernema scapterisci","Rhabditida","Steinernematidae","Adult","hemocoel","Lab","USA","none","none"
"199",1,"Anticarsia gemmatalis","Steinernema scapterisci","Rhabditida","Steinernematidae","Adult","hemocoel","Lab","USA","none","none"
"200",1,"Feltia subterranea","Steinernema scapterisci","Rhabditida","Steinernematidae","Adult","hemocoel","Lab","USA","none","none"
"201",1,"Galleria mellonella","Steinernema scapterisci","Rhabditida","Steinernematidae","Adult","hemocoel","Lab","USA","none","none"
"202",1,"Spodoptera frugiperda","Steinernema scapterisci","Rhabditida","Steinernematidae","Adult","hemocoel","Lab","USA","none","none"
"203",1,"Apis mellifera","Steinernema scapterisci","Rhabditida","Steinernematidae","Adult","hemocoel","Lab","USA","none","none"
"204",1,"Sphenophorus venatus","Heterorhabditis bacteriophora","Rhabditida","Heterorhabditidae","Larva","Hemocoel","Field","USA","Photorhabdus luminescens","none"
"205",1,"Cyclocephala borealis","Steinernema carpocapsae","Rhabditida","Steinernematidae","Larva","hemocoel","Lab","","Xenorhabdus nematophilus","none"
"206",1,"Cyclocephala borealis","Steinernema carpocapsae","Rhabditida","Steinernematidae","Larva","hemocoel","Lab","","Xenorhabdus nematophilus","none"
"207",1,"Cyclocephala borealis","Steinernema carpocapsae","Rhabditida","Steinernematidae","Larva","hemocoel","Lab","","Xenorhabdus nematophilus","none"
"208",1,"Cyclocephala borealis","Steinernema carpocapsae","Rhabditida","Steinernematidae","Larva","hemocoel","Lab","","Xenorhabdus nematophilus","none"
"209",1,"Cyclocephala borealis","Steinernema carpocapsae","Rhabditida","Steinernematidae","Larva","hemocoel","Lab","","Xenorhabdus nematophilus","none"
"210",1,"Cyclocephala borealis","Steinernema carpocapsae","Rhabditida","Steinernematidae","Larva","hemocoel","Lab","","Xenorhabdus nematophilus","none"
"211",1,"Cyclocephala borealis","Steinernema anomali","Rhabditida","Steinernematidae","Larva","hemocoel","Lab","","Xenorhabdus nematophilus","none"
"212",1,"Cyclocephala borealis","Steinernema glaseri","Rhabditida","Steinernematidae","Larva","hemocoel","Lab","","Xenorhabdus nematophilus","none"
"213",1,"Cyclocephala borealis","Heterorhabditis bacteriophora","Rhabditida","Heterorhabditidae","Larva","Hemocoel","Lab","","Photorhabdus luminescens","none"
"214",1,"Cyclocephala borealis","Heterorhabditis megidis","Rhabditida","Heterorhabditidae","Larva","Hemocoel","Lab","","Photorhabdus luminescens","none"
"215",1,"Popillia japonica","Steinernema carpocapsae","Rhabditida","Steinernematidae","Larva","Hemocoel","Lab","","Xenorhabdus nematophilus","none"
"216",1,"Popillia japonica","Steinernema carpocapsae","Rhabditida","Steinernematidae","Larva","Hemocoel","Lab","","Xenorhabdus nematophilus","none"
"217",1,"Popillia japonica","Steinernema carpocapsae","Rhabditida","Steinernematidae","Larva","Hemocoel","Lab","","Xenorhabdus nematophilus","none"
"218",1,"Popillia japonica","Steinernema carpocapsae","Rhabditida","Steinernematidae","Larva","Hemocoel","Lab","","Xenorhabdus nematophilus","none"
"219",1,"Popillia japonica","Steinernema carpocapsae","Rhabditida","Steinernematidae","Larva","Hemocoel","Lab","","Xenorhabdus nematophilus","none"
"220",1,"Popillia japonica","Steinernema carpocapsae","Rhabditida","Steinernematidae","Larva","Hemocoel","Lab","","Xenorhabdus nematophilus","none"
"221",1,"Popillia japonica","Steinernema anomali","Rhabditida","Steinernematidae","Larva","Hemocoel","Lab","","Xenorhabdus nematophilus","none"
"222",1,"Popillia japonica","Steinernema glaseri","Rhabditida","Steinernematidae","Larva","Hemocoel","Lab","","Xenorhabdus nematophilus","none"
"223",1,"Popillia japonica","Heterorhabditis bacteriophora","Rhabditida","Heterorhabditidae","Larva","Hemocoel","Lab","","Photorhabdus sp.","none"
"224",1,"Melolontha afflicta","Steinernema bothynodera","Rhabditida","Steinernematidae","Larva","Hemocoel","Field","Europe","Xenorhabdus bovienii","none"
"225",1,"Amphimallon solstitialis","Steinernema georgica","Rhabditida","Steinernematidae","Larva","Hemocoel","Field","Europe","Xenorhabdus bovienii","none"
"226",1,"Eupeodes corollae","Steinernema feltiae","Rhabditida","Steinernematidae","Larva","Hemocoel","Lab","","Xenorhabdus bovienii","none"
"227",1,"Eupeodes corollae","Heterorhabditis bacteriophora","Rhabditida","Heterorhabditidae","Larva","Hemocoel","Lab","","Photorhabdus luminescens","none"
"228",1,"Pterostichus cupreus","Heterorhabditis bacteriophora","Rhabditida","Heterorhabditidae","Larva","Hemocoel","Lab","","Photorhabdus luminescens","none"
"229",1,"Pterostichus cupreus","Heterorhabditis bacteriophora","Rhabditida","Heterorhabditidae","Larva","Hemocoel","Lab","","Photorhabdus luminescens","none"
"230",1,"Pterostichus cupreus","Heterorhabditis sp.","Rhabditida","Heterorhabditidae","Larva","Hemocoel","Lab","","Photorhabdus luminescens","none"
"231",1,"Platynus dorsalis","Heterorhabditis sp.","Rhabditida","Heterorhabditidae","Larva","Hemocoel","Lab","","Photorhabdus luminescens","none"
"232",1,"Eupeodes corollae","Heterorhabditis sp.","Rhabditida","Heterorhabditidae","Larva","Hemocoel","Lab","","Photorhabdus luminescens","none"
"233",1,"Pterostichus cupreus","Steinernema feltiae","Rhabditida","Steinernematidae","Larva","Hemocoel","Lab","","Xenorhabdus bovienii","none"
"234",1,"Platynus dorsalis","Steinernema feltiae","Rhabditida","Steinernematidae","Adult","","Field","Germany","Xenorhabdus bovienii","none"
"235",0,"Agrotis segetum","Plusia gamma NPV (PgSNPV)","Lepidoptera","Noctuidae","Larva",NA,NA,NA,NA,NA
"236",0,"Agrotis segetum","Pieris brassicae GV","Lepidoptera","Noctuidae","Larva",NA,NA,NA,NA,NA
"237",0,"Agrotis exclamationis","Plusia gamma NPV (PgSNPV)","Lepidoptera","Noctuidae","Larva",NA,NA,NA,NA,NA
"238",0,"Agrotis exclamationis","Pieris brassicae GV","Lepidoptera","Noctuidae","Larva",NA,NA,NA,NA,NA
"239",0,"Agrotis exclamationis","Pieris brassicae GV","Lepidoptera","Noctuidae","Larva",NA,NA,NA,NA,NA
"240",0,"Noctua pronuba","Plusia gamma NPV (PgSNPV)","Lepidoptera","Noctuidae","Larva",NA,NA,NA,NA,NA
"241",0,"Noctua pronuba","Pieris brassicae GV","Lepidoptera","Noctuidae","Larva",NA,NA,NA,NA,NA
"242",0,"Mamestra brassicae","Plusia gamma NPV (PgSNPV)","Lepidoptera","Noctuidae","Larva",NA,NA,NA,NA,NA
"243",0,"Mamestra brassicae","Agrotis segetum GV","Lepidoptera","Noctuidae","Larva",NA,NA,NA,NA,NA
"244",0,"Mamestra brassicae","Pieris brassicae GV","Lepidoptera","Noctuidae","Larva",NA,NA,NA,NA,NA
"245",0,"Lacanobia oleracea","Agrotis segetum NPV  (AsMNPV)","Lepidoptera","Noctuidae","Larva",NA,NA,NA,NA,NA
"246",0,"Lacanobia oleracea","Plusia gamma NPV (PgSNPV)","Lepidoptera","Noctuidae","Larva",NA,NA,NA,NA,NA
"247",0,"Lacanobia oleracea","Agrotis segetum GV","Lepidoptera","Noctuidae","Larva",NA,NA,NA,NA,NA
"248",0,"Lacanobia oleracea","Pieris brassicae GV","Lepidoptera","Noctuidae","Larva",NA,NA,NA,NA,NA
"249",0,"Autographa gamma","Agrotis segetum NPV  (AsMNPV)","Lepidoptera","Noctuidae","Larva",NA,NA,NA,NA,NA
"250",0,"Autographa gamma","Agrotis segetum GV","Lepidoptera","Noctuidae","Larva",NA,NA,NA,NA,NA
"251",0,"Artogeia rapae","Mamestra brassicae NPV (MbMNPV)","","","Larva",NA,NA,NA,NA,NA
"252",0,"Artogeia rapae","Agrotis segetum NPV  (AsMNPV)","","","Larva",NA,NA,NA,NA,NA
"253",0,"Artogeia rapae","Plusia gamma NPV (PgSNPV)","","","Larva",NA,NA,NA,NA,NA
"254",0,"Artogeia rapae","Agrotis segetum GV","","","Larva",NA,NA,NA,NA,NA
"255",0,"Choristoneura rosaceana","Lymantria dispar NPV  (LdMNPV)","Lepidoptera","Tortricidae","Larva",NA,NA,NA,NA,NA
"256",0,"Choristoneura fumiferana","Lymantria dispar NPV  (LdMNPV)","Lepidoptera","Tortricidae","Larva",NA,NA,NA,NA,NA
"257",0,"Artogeia napi","Lymantria dispar NPV  (LdMNPV)","Lepidoptera","Pieridae","Larva",NA,NA,NA,NA,NA
"258",0,"Phyciodes tharos","Lymantria dispar NPV  (LdMNPV)","Lepidoptera","Nymphalidae","Larva",NA,NA,NA,NA,NA
"259",0,"Ostrinia nubilalis","Lymantria dispar NPV  (LdMNPV)","Lepidoptera","Pyralidae","Larva",NA,NA,NA,NA,NA
"260",0,"Campaea perlata","Lymantria dispar NPV  (LdMNPV)","Lepidoptera","Geometridae","Larva",NA,NA,NA,NA,NA
"261",0,"Nemoria mimosaria","Lymantria dispar NPV  (LdMNPV)","Lepidoptera","Geometridae","Larva",NA,NA,NA,NA,NA
"262",0,"Orthonama obstipata","Lymantria dispar NPV  (LdMNPV)","Lepidoptera","Geometridae","Larva",NA,NA,NA,NA,NA
"263",0,"Horisme intestinata","Lymantria dispar NPV  (LdMNPV)","Lepidoptera","Geometridae","Larva",NA,NA,NA,NA,NA
"264",0,"Hyles gallii","Lymantria dispar NPV  (LdMNPV)","Lepidoptera","Sphingidae","Larva",NA,NA,NA,NA,NA
"265",0,"Estigmene acrea","Lymantria dispar NPV  (LdMNPV)","Lepidoptera","Arctiidae","Larva",NA,NA,NA,NA,NA
"266",0,"Spilosoma congrua","Lymantria dispar NPV  (LdMNPV)","Lepidoptera","Arctiidae","Larva",NA,NA,NA,NA,NA
"267",0,"Spilosoma virginica","Lymantria dispar NPV  (LdMNPV)","Lepidoptera","Arctiidae","Larva",NA,NA,NA,NA,NA
"268",0,"Spilosoma virginica","Lymantria dispar NPV  (LdMNPV)","Lepidoptera","Arctiidae","Larva",NA,NA,NA,NA,NA
"269",0,"Dasychira pinicola","Lymantria dispar NPV  (LdMNPV)","Lepidoptera","Lymantriidae","Larva",NA,NA,NA,NA,NA
"270",0,"Orgyia leucostigma","Lymantria dispar NPV  (LdMNPV)","Lepidoptera","Lymantriidae","Larva",NA,NA,NA,NA,NA
"271",0,"Orgyia pseudotsugata","Lymantria dispar NPV  (LdMNPV)","Lepidoptera","Lymantriidae","Larva",NA,NA,NA,NA,NA
"272",0,"Zanclognatha pedipilalis","Lymantria dispar NPV  (LdMNPV)","Lepidoptera","Noctuidae","Larva",NA,NA,NA,NA,NA
"273",0,"Autographa precationis","Lymantria dispar NPV  (LdMNPV)","Lepidoptera","Noctuidae","Larva",NA,NA,NA,NA,NA
"274",0,"Autographa flagellum","Lymantria dispar NPV  (LdMNPV)","Lepidoptera","Noctuidae","Larva",NA,NA,NA,NA,NA
"275",0,"Anagrapha falcifera","Lymantria dispar NPV  (LdMNPV)","Lepidoptera","Noctuidae","Larva",NA,NA,NA,NA,NA
"276",0,"Acronicta impleta","Lymantria dispar NPV  (LdMNPV)","Lepidoptera","Noctuidae","Larva",NA,NA,NA,NA,NA
"277",0,"Oligia illocata","Lymantria dispar NPV  (LdMNPV)","Lepidoptera","Noctuidae","Larva",NA,NA,NA,NA,NA
"278",0,"Phlogophora iris","Lymantria dispar NPV  (LdMNPV)","Lepidoptera","Noctuidae","Larva",NA,NA,NA,NA,NA
"279",0,"Hyppa xylinoides","Lymantria dispar NPV  (LdMNPV)","Lepidoptera","Noctuidae","Larva",NA,NA,NA,NA,NA
"280",0,"Platyperigea multifera","Lymantria dispar NPV  (LdMNPV)","Lepidoptera","Noctuidae","Larva",NA,NA,NA,NA,NA
"281",0,"Eupsilia tristigmata","Lymantria dispar NPV  (LdMNPV)","Lepidoptera","Noctuidae","Larva",NA,NA,NA,NA,NA
"282",0,"Polia latex","Lymantria dispar NPV  (LdMNPV)","Lepidoptera","Noctuidae","Larva",NA,NA,NA,NA,NA
"283",0,"Melanchra pulverulenta","Lymantria dispar NPV  (LdMNPV)","Lepidoptera","Noctuidae","Larva",NA,NA,NA,NA,NA
"284",0,"Lacanobia radix","Lymantria dispar NPV  (LdMNPV)","Lepidoptera","Noctuidae","Larva",NA,NA,NA,NA,NA
"285",0,"Lacanobia grandis","Lymantria dispar NPV  (LdMNPV)","Lepidoptera","Noctuidae","Larva",NA,NA,NA,NA,NA
"286",0,"Mythimna unipuncta","Lymantria dispar NPV  (LdMNPV)","","","Larva",NA,NA,NA,NA,NA
"287",0,"Leucania multilinea","Lymantria dispar NPV  (LdMNPV)","Lepidoptera","Noctuidae","Larva",NA,NA,NA,NA,NA
"288",0,"Orthosia revicta","Lymantria dispar NPV  (LdMNPV)","Lepidoptera","Noctuidae","Larva",NA,NA,NA,NA,NA
"289",0,"Crocigrapha normani","Lymantria dispar NPV  (LdMNPV)","Lepidoptera","Noctuidae","Larva",NA,NA,NA,NA,NA
"290",0,"Homorthodes furfurata","Lymantria dispar NPV  (LdMNPV)","Lepidoptera","Noctuidae","Larva",NA,NA,NA,NA,NA
"291",0,"Agrotis ipsilon","Lymantria dispar NPV  (LdMNPV)","Lepidoptera","Noctuidae","Larva",NA,NA,NA,NA,NA
"292",0,"Peridroma saucia","Lymantria dispar NPV  (LdMNPV)","Lepidoptera","Noctuidae","Larva",NA,NA,NA,NA,NA
"293",0,"Diarsia rubifera","Lymantria dispar NPV  (LdMNPV)","Lepidoptera","Noctuidae","Larva",NA,NA,NA,NA,NA
"294",0,"Diarsia jucunda","Lymantria dispar NPV  (LdMNPV)","Lepidoptera","Noctuidae","Larva",NA,NA,NA,NA,NA
"295",0,"Xestia adela","Lymantria dispar NPV  (LdMNPV)","Lepidoptera","Noctuidae","Larva",NA,NA,NA,NA,NA
"296",0,"Xestia smithii","Lymantria dispar NPV  (LdMNPV)","Lepidoptera","Noctuidae","Larva",NA,NA,NA,NA,NA
"297",0,"Metalepsis salicarum","Lymantria dispar NPV  (LdMNPV)","Lepidoptera","Noctuidae","Larva",NA,NA,NA,NA,NA
"298",0,"Anaplectoides pressus","Lymantria dispar NPV  (LdMNPV)","Lepidoptera","Noctuidae","Larva",NA,NA,NA,NA,NA
"299",0,"Eueretagrotis attenta","Lymantria dispar NPV  (LdMNPV)","Lepidoptera","Noctuidae","Larva",NA,NA,NA,NA,NA
"300",0,"Cryptocala acadiensis","Lymantria dispar NPV  (LdMNPV)","Lepidoptera","Noctuidae","Larva",NA,NA,NA,NA,NA
"301",0,"Pyrrhia exprimens","Lymantria dispar NPV  (LdMNPV)","Lepidoptera","Noctuidae","Larva",NA,NA,NA,NA,NA
"302",0,"Cyrtophleba coquilletti","Lymantria dispar NPV  (LdMNPV)","Diptera","Tachinidae","Adult",NA,NA,NA,NA,NA
"303",0,"Megachile rotundata","Lymantria dispar NPV  (LdMNPV)","Hymenoptera","Megachilidae","Adult",NA,NA,NA,NA,NA
"304",0,"Boloria uphrosyne","Mamestra brassicae NPV (MbMNPV)","Lepidoptera","Nymphalidae","Larva",NA,NA,NA,NA,NA
"305",0,"Clossiana selene","Mamestra brassicae NPV (MbMNPV)","Lepidoptera","Nymphalidae","Larva",NA,NA,NA,NA,NA
"306",0,"Pararge aegeria","Mamestra brassicae NPV (MbMNPV)","Lepidoptera","Nymphalidae","Larva",NA,NA,NA,NA,NA
"307",0,"Polyommatus icarus","Mamestra brassicae NPV (MbMNPV)","Lepidoptera","Lycaenidae","Larva",NA,NA,NA,NA,NA
"308",0,"Pieris brassicae","Mamestra brassicae NPV (MbMNPV)","Lepidoptera","Pieridae","Larva",NA,NA,NA,NA,NA
"309",0,"Malacosoma neustria","Mamestra brassicae NPV (MbMNPV)","Lepidoptera","Lasiocampidae","Larva",NA,NA,NA,NA,NA
"310",0,"Philudoria potatoria","Mamestra brassicae NPV (MbMNPV)","Lepidoptera","Lasiocampidae","Larva",NA,NA,NA,NA,NA
"311",0,"Saturnia pavonia","Mamestra brassicae NPV (MbMNPV)","Lepidoptera","Saturniidae","Larva",NA,NA,NA,NA,NA
"312",0,"Cyclophora linearia","Mamestra brassicae NPV (MbMNPV)","Lepidoptera","Geometridae","Larva",NA,NA,NA,NA,NA
"313",0,"Idaea aversata","Mamestra brassicae NPV (MbMNPV)","Lepidoptera","Geometridae","Larva",NA,NA,NA,NA,NA
"314",0,"Orthonama obstipata","Mamestra brassicae NPV (MbMNPV)","Lepidoptera","Geometridae","Larva",NA,NA,NA,NA,NA
"315",0,"Dysstroma truncata","Mamestra brassicae NPV (MbMNPV)","Lepidoptera","Geometridae","Larva",NA,NA,NA,NA,NA
"316",0,"Opisthograptis luteolata","Mamestra brassicae NPV (MbMNPV)","Lepidoptera","Geometridae","Larva",NA,NA,NA,NA,NA
"317",0,"Menophra abruptaria","Mamestra brassicae NPV (MbMNPV)","Lepidoptera","Geometridae","Larva",NA,NA,NA,NA,NA
"318",0,"Acherontia atropos","Mamestra brassicae NPV (MbMNPV)","Lepidoptera","Sphingidae","Larva",NA,NA,NA,NA,NA
"319",0,"Mimas tiliae","Mamestra brassicae NPV (MbMNPV)","Lepidoptera","Sphingidae","Larva",NA,NA,NA,NA,NA
"320",0,"Smerinthus ocellata","Mamestra brassicae NPV (MbMNPV)","Lepidoptera","Sphingidae","Larva",NA,NA,NA,NA,NA
"321",0,"Hyles euphorbiae","Mamestra brassicae NPV (MbMNPV)","Lepidoptera","Sphingidae","Larva",NA,NA,NA,NA,NA
"322",0,"Deilephila elpenor","Mamestra brassicae NPV (MbMNPV)","Lepidoptera","Sphingidae","Larva",NA,NA,NA,NA,NA
"323",0,"Deilephila elpenor","Mamestra brassicae NPV (MbMNPV)","Lepidoptera","Sphingidae","Larva",NA,NA,NA,NA,NA
"324",0,"Phalera bucephala","Mamestra brassicae NPV (MbMNPV)","Lepidoptera","Notodontidae","Larva",NA,NA,NA,NA,NA
"325",0,"Pheosia tremula","Mamestra brassicae NPV (MbMNPV)","Lepidoptera","Notodontidae","Larva",NA,NA,NA,NA,NA
"326",0,"Drymonia ruficornis","Mamestra brassicae NPV (MbMNPV)","Lepidoptera","Notodontidae","Larva",NA,NA,NA,NA,NA
"327",0,"Orgyia antiqua","Mamestra brassicae NPV (MbMNPV)","Lepidoptera","Lymantriidae","Larva",NA,NA,NA,NA,NA
"328",0,"Calliteara pudibunda","Mamestra brassicae NPV (MbMNPV)","Lepidoptera","Lymantriidae","Larva",NA,NA,NA,NA,NA
"329",0,"Spilosoma lubricipeda","Mamestra brassicae NPV (MbMNPV)","Lepidoptera","Arctiidae","Larva",NA,NA,NA,NA,NA
"330",0,"Tyria jacobaeae","Mamestra brassicae NPV (MbMNPV)","Lepidoptera","Arctiidae","Larva",NA,NA,NA,NA,NA
"331",0,"Anaplectoides prasina","Mamestra brassicae NPV (MbMNPV)","Lepidoptera","Noctuidae","Larva",NA,NA,NA,NA,NA
"332",0,"Hyppa rectilinea","Mamestra brassicae NPV (MbMNPV)","Lepidoptera","Noctuidae","Larva",NA,NA,NA,NA,NA
"333",0,"Spodoptera littoralis","Mamestra brassicae NPV (MbMNPV)","Lepidoptera","Noctuidae","Larva",NA,NA,NA,NA,NA
"334",0,"Pseudoips fagana britannica","Mamestra brassicae NPV (MbMNPV)","Lepidoptera","Noctuidae","Larva",NA,NA,NA,NA,NA
"335",0,"Autographa pulchrina","Mamestra brassicae NPV (MbMNPV)","Lepidoptera","Noctuidae","Larva",NA,NA,NA,NA,NA
"336",0,"Yponomeuta padella","Mamestra brassicae NPV (MbMNPV)","Lepidoptera","Yponomeutidae","Larva",NA,NA,NA,NA,NA
"337",0,"Udea olivalis","Mamestra brassicae NPV (MbMNPV)","Lepidoptera","Pyralidae","Larva",NA,NA,NA,NA,NA
"338",0,"Antheraea pernyi","Mamestra brassicae NPV (MbMNPV)","Lepidoptera","Saturniidae","Larva",NA,NA,NA,NA,NA
"339",0,"Agrotis segetum","Spodoptera exigua NPV  (SeMNPV)","Lepidoptera","Noctuidae","Larva",NA,NA,NA,NA,NA
"340",0,"Sabulodes transversata","Autographa californica NPV (AcMNPV)","Lepidoptera","Geometridae","Larva",NA,NA,NA,NA,NA
"341",0,"Xestia c-nigrum","Spodoptera exigua NPV  (SeMNPV)","Lepidoptera","Noctuidae","Larva",NA,NA,NA,NA,NA
"342",0,"Mamestra brassicae","Spodoptera exigua NPV  (SeMNPV)","Lepidoptera","Noctuidae","Larva",NA,NA,NA,NA,NA
"343",0,"Lacanobia oleracea","Spodoptera exigua NPV  (SeMNPV)","Lepidoptera","Noctuidae","Larva",NA,NA,NA,NA,NA
"344",0,"Spodoptera littoralis","Spodoptera exigua NPV  (SeMNPV)","Lepidoptera","Noctuidae","Larva",NA,NA,NA,NA,NA
"345",0,"Plutella xylostella","Spodoptera exigua NPV  (SeMNPV)","Lepidoptera","Plutellidae","Larva",NA,NA,NA,NA,NA
"346",0,"Galleria mellonella","Spodoptera exigua NPV  (SeMNPV)","Lepidoptera","Pyralidae","Larva",NA,NA,NA,NA,NA
"347",0,"Ostrinia nubilalis","Spodoptera exigua NPV  (SeMNPV)","Lepidoptera","Pyralidae","Larva",NA,NA,NA,NA,NA
"348",0,"Adoxophyes orana","Spodoptera exigua NPV  (SeMNPV)","Lepidoptera","Tortricidae","Larva",NA,NA,NA,NA,NA
"349",0,"Cydia pomonella","Spodoptera exigua NPV  (SeMNPV)","Lepidoptera","Tortricidae","Larva",NA,NA,NA,NA,NA
"350",0,"Diachrysia balluca","Pseudoplusia includens NPV  (PiSNPV)","Lepidoptera","Noctuidae","Larva",NA,NA,NA,NA,NA
"351",0,"Rachiplusia ou","Pseudoplusia includens NPV  (PiSNPV)","Lepidoptera","Noctuidae","Larva",NA,NA,NA,NA,NA
"352",0,"Autographa biloba","Syngrapha selecta NPV  (SsSNPV)","Lepidoptera","Noctuidae","Larva",NA,NA,NA,NA,NA
"353",0,"Pseudoplusia includens","Syngrapha selecta NPV  (SsSNPV)","Lepidoptera","Noctuidae","Larva",NA,NA,NA,NA,NA
"354",0,"Rachiplusia ou","Syngrapha selecta NPV  (SsSNPV)","Lepidoptera","Noctuidae","Larva",NA,NA,NA,NA,NA
"355",0,"Autographa biloba","Trichoplusia ni NPV  (TnSNPV)","Lepidoptera","Noctuidae","Larva",NA,NA,NA,NA,NA
"356",0,"Autographa bimaculata","Trichoplusia ni NPV  (TnSNPV)","Lepidoptera","Noctuidae","Larva",NA,NA,NA,NA,NA
"357",0,"Pseudoplusia includens","Trichoplusia ni NPV  (TnSNPV)","Lepidoptera","Noctuidae","Larva",NA,NA,NA,NA,NA
"358",0,"Rachiplusia ou","Trichoplusia ni NPV  (TnSNPV)","Lepidoptera","Noctuidae","Larva",NA,NA,NA,NA,NA
"359",0,"Symmerista canicosta","Autographa californica NPV (AcMNPV)","Lepidoptera","Notodontidae","Larva",NA,NA,NA,NA,NA
"360",0,"Croesia albicomma","Autographa californica NPV (AcMNPV)","Lepidoptera","Tortricidae","Larva",NA,NA,NA,NA,NA
"361",0,"Choristoneura fumiferana","Thymelicus lineola NPV","Lepidoptera","Tortricidae","Larva",NA,NA,NA,NA,NA
"362",0,"Choristoneura conflictana","Thymelicus lineola NPV","Lepidoptera","Tortricidae","Larva",NA,NA,NA,NA,NA
"363",0,"Archips cerasivorana","Thymelicus lineola NPV","Lepidoptera","Tortricidae","Larva",NA,NA,NA,NA,NA
"364",0,"Malacosoma disstria","Thymelicus lineola NPV","Lepidoptera","Lasiocampidae","Larva",NA,NA,NA,NA,NA
"365",0,"Orgyia leucostigma","Thymelicus lineola NPV","Lepidoptera","Lymantriidae","Larva",NA,NA,NA,NA,NA
"366",0,"Actebia fennica","Thymelicus lineola NPV","Lepidoptera","Noctuidae","Larva",NA,NA,NA,NA,NA
"367",0,"Pachysphynx  modesta","Thymelicus lineola NPV","Lepidoptera","Sphingidae","Larva",NA,NA,NA,NA,NA
"368",0,"Anisota senatoria","Thymelicus lineola NPV","Lepidoptera","Saturniidae","Larva",NA,NA,NA,NA,NA
"369",0,"Neodiprion pratti banksianae","Thymelicus lineola NPV","Hymenoptera","Diprionidae","Larva",NA,NA,NA,NA,NA
"370",0,"Neodiprion nanulus nanulus","Thymelicus lineola NPV","Hymenoptera","Diprionidae","Larva",NA,NA,NA,NA,NA
"371",0,"Neodiprion swainei","Thymelicus lineola NPV","Hymenoptera","Diprionidae","Larva",NA,NA,NA,NA,NA
"372",0,"Pristiphora erichsonii","Thymelicus lineola NPV","Hymenoptera","Tenthredinidae","Larva",NA,NA,NA,NA,NA
"373",0,"Pristiphora geniculata","Thymelicus lineola NPV","Hymenoptera","Tenthredinidae","Larva",NA,NA,NA,NA,NA
"374",0,"Trichiocampus irregularis","Thymelicus lineola NPV","Hymenoptera","Tenthredinidae","Larva",NA,NA,NA,NA,NA
"375",0,"Chrysomela walshi","Thymelicus lineola NPV","Coleoptera","Chrysomelidae","Larva",NA,NA,NA,NA,NA
"376",0,"Anophothrips obscurus","Thymelicus lineola NPV","","","Larva",NA,NA,NA,NA,NA
"377",0,"Adoxophyes orana","Carposina niponensis GV","Lepidoptera","Tortricidae","Larva",NA,NA,NA,NA,NA
"378",0,"Archips breviplicana","Carposina niponensis GV","Lepidoptera","Tortricidae","Larva",NA,NA,NA,NA,NA
"379",0,"Homona magnanima","Carposina niponensis GV","Lepidoptera","Tortricidae","Larva",NA,NA,NA,NA,NA
"380",0,"Orthosia gothica","Mamestra brassicae NPV (MbMNPV)","Lepidoptera","Noctuidae","Larva",NA,NA,NA,NA,NA
"381",0,"Spodoptera littoralis","Mamestra brassicae NPV (MbMNPV)","Lepidoptera","Noctuidae","Larva",NA,NA,NA,NA,NA
"382",0,"Arctia caja","Mamestra brassicae NPV (MbMNPV)","Lepidoptera","Arctiidae","Larva",NA,NA,NA,NA,NA
"383",0,"Spilosoma maculosa","Mamestra brassicae NPV (MbMNPV)","Lepidoptera","Arctiidae","Larva",NA,NA,NA,NA,NA
"384",0,"Plutella xylostella","Mamestra brassicae NPV (MbMNPV)","Lepidoptera","Plutellidae","Larva",NA,NA,NA,NA,NA
"385",0,"Galleria mellonella","Mamestra brassicae NPV (MbMNPV)","Lepidoptera","Pyralidae","Larva",NA,NA,NA,NA,NA
"386",0,"Evergestis forficalis","Mamestra brassicae NPV (MbMNPV)","Lepidoptera","Pyralidae","Larva",NA,NA,NA,NA,NA
"387",0,"Antheraea pernyi","Mamestra brassicae NPV (MbMNPV)","Lepidoptera","Saturniidae","Larva",NA,NA,NA,NA,NA
"388",0,"Adoxophyes orana","Mamestra brassicae NPV (MbMNPV)","Lepidoptera","Tortricidae","Larva",NA,NA,NA,NA,NA
"389",0,"Cydia pomonella","Mamestra brassicae NPV (MbMNPV)","Lepidoptera","Tortricidae","Larva",NA,NA,NA,NA,NA
"390",0,"Lacanobia oleracea","Mamestra brassicae NPV (MbMNPV)","Lepidoptera","Noctuidae","Larva",NA,NA,NA,NA,NA
"391",0,"Spodoptera littoralis","Heliothis armigera NPV  (HaMNPV)","Lepidoptera","Noctuidae","Larva",NA,NA,NA,NA,NA
"392",0,"Lymantria dispar","Dasychira basiflava NPV","Lepidoptera","Lymantriidae","Larva",NA,NA,NA,NA,NA
"393",0,"Cadra cautella","Plodia interpunctella GV","Lepidoptera","Pyralidae","Larva",NA,NA,NA,NA,NA
"394",0,"Helicoverpa zea","Cydia pomonella GV","Lepidoptera","Noctuidae","Larva",NA,NA,NA,NA,NA
"395",0,"Amyelois transitella","Cydia pomonella GV","Lepidoptera","Pyralidae","Larva",NA,NA,NA,NA,NA
"396",0,"Lemyra imparilis","Bombyx mori NPV","Lepidoptera","Arctiidae","Larva",NA,NA,NA,NA,NA
"397",0,"Euproctis similis","Bombyx mori NPV","Lepidoptera","Lymantriidae","Larva",NA,NA,NA,NA,NA
"398",0,"Euproctis similis","Bombyx mori NPV","Lepidoptera","Lymantriidae","Larva",NA,NA,NA,NA,NA
"399",0,"Papilio helenus","Bombyx mori NPV","Lepidoptera","Papilionidae","Larva",NA,NA,NA,NA,NA
"400",0,"Artogeia rapae","Bombyx mori NPV","","","Larva",NA,NA,NA,NA,NA
"401",0,"Diaphania pyloalis","Bombyx mori NPV","Lepidoptera","Pyralidae","Larva",NA,NA,NA,NA,NA
"402",0,"Theretra oldenlandiae","Bombyx mori NPV","Lepidoptera","Sphingidae","Larva",NA,NA,NA,NA,NA
"403",0,"Thymelicus flavus","Autographa californica NPV (AcMNPV)","Lepidoptera","Hesperiidae","Larva",NA,NA,NA,NA,NA
"404",0,"Lycaena phlaeas","Autographa californica NPV (AcMNPV)","Lepidoptera","Lycaenidae","Larva",NA,NA,NA,NA,NA
"405",0,"Polyommatus icarus","Autographa californica NPV (AcMNPV)","Lepidoptera","Lycaenidae","Larva",NA,NA,NA,NA,NA
"406",0,"Aglais urticae","Autographa californica NPV (AcMNPV)","Lepidoptera","Nymphalidae","Larva",NA,NA,NA,NA,NA
"407",0,"Argynnis paphia","Autographa californica NPV (AcMNPV)","Lepidoptera","Nymphalidae","Larva",NA,NA,NA,NA,NA
"408",0,"Clossiana selene","Autographa californica NPV (AcMNPV)","Lepidoptera","Nymphalidae","Larva",NA,NA,NA,NA,NA
"409",0,"Vanessa cardui","Autographa californica NPV (AcMNPV)","Lepidoptera","Nymphalidae","Larva",NA,NA,NA,NA,NA
"410",0,"Inachis io","Autographa californica NPV (AcMNPV)","Lepidoptera","Nymphalidae","Larva",NA,NA,NA,NA,NA
"411",0,"Polygonia c-album","Autographa californica NPV (AcMNPV)","Lepidoptera","Nymphalidae","Larva",NA,NA,NA,NA,NA
"412",0,"Vanessa atalanta","Autographa californica NPV (AcMNPV)","Lepidoptera","Nymphalidae","Larva",NA,NA,NA,NA,NA
"413",0,"Pieris brassicae","Autographa californica NPV (AcMNPV)","Lepidoptera","Pieridae","Larva",NA,NA,NA,NA,NA
"414",0,"Artogeia napi","Autographa californica NPV (AcMNPV)","Lepidoptera","Pieridae","Larva",NA,NA,NA,NA,NA
"415",0,"Artogeia rapae","Autographa californica NPV (AcMNPV)","","","Larva",NA,NA,NA,NA,NA
"416",0,"Maniola jurtina","Autographa californica NPV (AcMNPV)","Lepidoptera","Satyridae","Larva",NA,NA,NA,NA,NA
"417",0,"Melanargia galathea","Autographa californica NPV (AcMNPV)","Lepidoptera","Satyridae","Larva",NA,NA,NA,NA,NA
"418",0,"Pararge aegeria","Autographa californica NPV (AcMNPV)","Lepidoptera","Nymphalidae","Larva",NA,NA,NA,NA,NA
"419",0,"Pyronia tithonus","Autographa californica NPV (AcMNPV)","Lepidoptera","Satyridae","Larva",NA,NA,NA,NA,NA
"420",0,"Cydia pomonella","Autographa californica NPV (AcMNPV)","Lepidoptera","Tortricidae","Larva",NA,NA,NA,NA,NA
"421",0,"Epermenia chaerophyllella","Autographa californica NPV (AcMNPV)","Lepidoptera","Epermeniidae","Larva",NA,NA,NA,NA,NA
"422",0,"Yponomeuta cagnatella","Autographa californica NPV (AcMNPV)","Lepidoptera","Yponomeutidae","Larva",NA,NA,NA,NA,NA
"423",0,"Nematus ribesii","Autographa californica NPV (AcMNPV)","Hymenoptera","Tenthredinidae","Larva",NA,NA,NA,NA,NA
"424",0,"Neodiprion sertifer","Autographa californica NPV (AcMNPV)","Hymenoptera","Diprionidae","Larva",NA,NA,NA,NA,NA
"425",0,"Gilpinia hercyniae","Autographa californica NPV (AcMNPV)","Hymenoptera","Diprionidae","Larva",NA,NA,NA,NA,NA
"426",0,"Arctia caja","Autographa californica NPV (AcMNPV)","Lepidoptera","Arctiidae","Larva",NA,NA,NA,NA,NA
"427",0,"Spilosoma lutea","Autographa californica NPV (AcMNPV)","Lepidoptera","Arctiidae","Larva",NA,NA,NA,NA,NA
"428",0,"Tyria jacobaeae","Autographa californica NPV (AcMNPV)","Lepidoptera","Arctiidae","Larva",NA,NA,NA,NA,NA
"429",0,"Cilix glaucata","Autographa californica NPV (AcMNPV)","Lepidoptera","Drepanidae","Larva",NA,NA,NA,NA,NA
"430",0,"Biston betularia","Autographa californica NPV (AcMNPV)","Lepidoptera","Geometridae","Larva",NA,NA,NA,NA,NA
"431",0,"Campaea margaritata","Autographa californica NPV (AcMNPV)","Lepidoptera","Geometridae","Larva",NA,NA,NA,NA,NA
"432",0,"Dysstroma truncata","Autographa californica NPV (AcMNPV)","Lepidoptera","Geometridae","Larva",NA,NA,NA,NA,NA
"433",0,"Cyclophora albipunctata","Autographa californica NPV (AcMNPV)","Lepidoptera","Geometridae","Larva",NA,NA,NA,NA,NA
"434",0,"Cyclophora punctaria","Autographa californica NPV (AcMNPV)","Lepidoptera","Geometridae","Larva",NA,NA,NA,NA,NA
"435",0,"Ecliptopera silaceata","Autographa californica NPV (AcMNPV)","Lepidoptera","Geometridae","Larva",NA,NA,NA,NA,NA
"436",0,"Hemistola chrysoprasaria","Autographa californica NPV (AcMNPV)","Lepidoptera","Geometridae","Larva",NA,NA,NA,NA,NA
"437",0,"Idaea aversata","Autographa californica NPV (AcMNPV)","Lepidoptera","Geometridae","Larva",NA,NA,NA,NA,NA
"438",0,"Odontopera bidentata","Autographa californica NPV (AcMNPV)","Lepidoptera","Geometridae","Larva",NA,NA,NA,NA,NA
"439",0,"Operophtera brumata","Autographa californica NPV (AcMNPV)","Lepidoptera","Geometridae","Larva",NA,NA,NA,NA,NA
"440",0,"Opisthograptis luteolata","Autographa californica NPV (AcMNPV)","Lepidoptera","Geometridae","Larva",NA,NA,NA,NA,NA
"441",0,"Ourapteryx sambucaria","Autographa californica NPV (AcMNPV)","Lepidoptera","Geometridae","Larva",NA,NA,NA,NA,NA
"442",0,"Selenia dentaria","Autographa californica NPV (AcMNPV)","Lepidoptera","Geometridae","Larva",NA,NA,NA,NA,NA
"443",0,"Timandra griseata","Autographa californica NPV (AcMNPV)","Lepidoptera","Geometridae","Larva",NA,NA,NA,NA,NA
"444",0,"Xanthorhoe montanata","Autographa californica NPV (AcMNPV)","Lepidoptera","Geometridae","Larva",NA,NA,NA,NA,NA
"445",0,"Xanthorhoe fluctuata","Autographa californica NPV (AcMNPV)","Lepidoptera","Geometridae","Larva",NA,NA,NA,NA,NA
"446",0,"Xanthorhoe spadicearia","Autographa californica NPV (AcMNPV)","Lepidoptera","Geometridae","Larva",NA,NA,NA,NA,NA
"447",0,"Malacosoma neustria","Autographa californica NPV (AcMNPV)","Lepidoptera","Lasiocampidae","Larva",NA,NA,NA,NA,NA
"448",0,"Philudoria potatoria","Autographa californica NPV (AcMNPV)","Lepidoptera","Lasiocampidae","Larva",NA,NA,NA,NA,NA
"449",0,"Calliteara pudibunda","Autographa californica NPV (AcMNPV)","Lepidoptera","Lymantriidae","Larva",NA,NA,NA,NA,NA
"450",0,"Euproctis chrysorrhoea","Autographa californica NPV (AcMNPV)","Lepidoptera","Lymantriidae","Larva",NA,NA,NA,NA,NA
"451",0,"Acronicta americana","Autographa californica NPV (AcMNPV)","Lepidoptera","Noctuidae","Larva",NA,NA,NA,NA,NA
"452",0,"Agrotis segetum","Autographa californica NPV (AcMNPV)","Lepidoptera","Noctuidae","Larva",NA,NA,NA,NA,NA
"453",0,"Anaplectoides prasina","Autographa californica NPV (AcMNPV)","Lepidoptera","Noctuidae","Larva",NA,NA,NA,NA,NA
"454",0,"Autographa pulchrina","Autographa californica NPV (AcMNPV)","Lepidoptera","Noctuidae","Larva",NA,NA,NA,NA,NA
"455",0,"Autographa gamma","Autographa californica NPV (AcMNPV)","Lepidoptera","Noctuidae","Larva",NA,NA,NA,NA,NA
"456",0,"Craniophora ligustri","Autographa californica NPV (AcMNPV)","Lepidoptera","Noctuidae","Larva",NA,NA,NA,NA,NA
"457",0,"Diachrysia chrysitis","Autographa californica NPV (AcMNPV)","Lepidoptera","Noctuidae","Larva",NA,NA,NA,NA,NA
"458",0,"Diarisa mendica","Autographa californica NPV (AcMNPV)","","","Larva",NA,NA,NA,NA,NA
"459",0,"Lacanobia oleracea","Autographa californica NPV (AcMNPV)","Lepidoptera","Noctuidae","Larva",NA,NA,NA,NA,NA
"460",0,"Helicoverpa zea","Autographa californica NPV (AcMNPV)","Lepidoptera","Noctuidae","Larva",NA,NA,NA,NA,NA
"461",0,"Mamestra brassicae","Autographa californica NPV (AcMNPV)","Lepidoptera","Noctuidae","Larva",NA,NA,NA,NA,NA
"462",0,"Melanchra persicariae","Autographa californica NPV (AcMNPV)","Lepidoptera","Noctuidae","Larva",NA,NA,NA,NA,NA
"463",0,"Mythimna separata","Autographa californica NPV (AcMNPV)","Lepidoptera","Noctuidae","Larva",NA,NA,NA,NA,NA
"464",0,"Noctua fimbriata","Autographa californica NPV (AcMNPV)","Lepidoptera","Noctuidae","Larva",NA,NA,NA,NA,NA
"465",0,"Panolis flammea","Autographa californica NPV (AcMNPV)","Lepidoptera","Noctuidae","Larva",NA,NA,NA,NA,NA
"466",0,"Peridroma saucia","Autographa californica NPV (AcMNPV)","Lepidoptera","Noctuidae","Larva",NA,NA,NA,NA,NA
"467",0,"Phlogophora meticulosa","Autographa californica NPV (AcMNPV)","Lepidoptera","Noctuidae","Larva",NA,NA,NA,NA,NA
"468",0,"Polia nebulosa","Autographa californica NPV (AcMNPV)","Lepidoptera","Noctuidae","Larva",NA,NA,NA,NA,NA
"469",0,"Spodoptera littoralis","Autographa californica NPV (AcMNPV)","Lepidoptera","Noctuidae","Larva",NA,NA,NA,NA,NA
"470",0,"Xestia baja","Autographa californica NPV (AcMNPV)","Lepidoptera","Noctuidae","Larva",NA,NA,NA,NA,NA
"471",0,"Xestia c-nigrum","Autographa californica NPV (AcMNPV)","Lepidoptera","Noctuidae","Larva",NA,NA,NA,NA,NA
"472",0,"Cerura vinula","Autographa californica NPV (AcMNPV)","Lepidoptera","Notodontidae","Larva",NA,NA,NA,NA,NA
"473",0,"Chaonia ruficornis","Autographa californica NPV (AcMNPV)","Lepidoptera","Notodontidae","Larva",NA,NA,NA,NA,NA
"474",0,"Phalera bucephala","Autographa californica NPV (AcMNPV)","Lepidoptera","Notodontidae","Larva",NA,NA,NA,NA,NA
"475",0,"Furcula borealis","Autographa californica NPV (AcMNPV)","Lepidoptera","Notodontidae","Larva",NA,NA,NA,NA,NA
"476",0,"Saturnia pavonia","Autographa californica NPV (AcMNPV)","Lepidoptera","Saturniidae","Larva",NA,NA,NA,NA,NA
"477",0,"Sphinx pinastri","Autographa californica NPV (AcMNPV)","Lepidoptera","Sphingidae","Larva",NA,NA,NA,NA,NA
"478",0,"Manduca sexta","Autographa californica NPV (AcMNPV)","Lepidoptera","Sphingidae","Larva",NA,NA,NA,NA,NA
"479",0,"Laothoe populi","Autographa californica NPV (AcMNPV)","Lepidoptera","Sphingidae","Larva",NA,NA,NA,NA,NA
"480",0,"Smerinthus ocellata","Autographa californica NPV (AcMNPV)","Lepidoptera","Sphingidae","Larva",NA,NA,NA,NA,NA
"481",0,"Plutella xylostella","Autographa californica NPV (AcMNPV)","Lepidoptera","Plutellidae","Larva",NA,NA,NA,NA,NA
"482",0,"Zygaena filipendulae","Autographa californica NPV (AcMNPV)","Lepidoptera","Zygaenidae","Larva",NA,NA,NA,NA,NA
"483",0,"Mamestra brassicae","Agrotis segetum NPV  (AsMNPV)","Lepidoptera","Noctuidae","",NA,NA,NA,NA,NA
"484",0,"Hypena scabra","Anticarsia gemmatalis NPV  (AgMNPV)","Lepidoptera","Noctuidae","",NA,NA,NA,NA,NA
"485",0,"Spodoptera frugiperda","Anticarsia gemmatalis NPV  (AgMNPV)","Lepidoptera","Noctuidae","",NA,NA,NA,NA,NA
"486",0,"Reticulitermes flavipes","Entomophthora virulenta","Isoptera","Rhinotermitidae","Nymph",NA,NA,NA,NA,NA
"487",0,"Spilosoma subcarnea","Euproctis similis NPV","Lepidoptera","Arctiidae","",NA,NA,NA,NA,NA
"488",0,"Bombyx mori","Euproctis similis NPV","Lepidoptera","Bombycidae","",NA,NA,NA,NA,NA
"489",0,"Mythimna separata","Euproctis similis NPV","Lepidoptera","Noctuidae","",NA,NA,NA,NA,NA
"490",0,"Galleria mellonella","Euproctis similis NPV","Lepidoptera","Pyralidae","",NA,NA,NA,NA,NA
"491",0,"Samia cynthia","Euproctis similis NPV","Lepidoptera","Saturniidae","",NA,NA,NA,NA,NA
"492",0,"Melanchra persicariae","Mamestra brassicae NPV (MbMNPV)","Lepidoptera","Noctuidae","",NA,NA,NA,NA,NA
"493",0,"Manduca sexta","Colias eurytheme NPV","Lepidoptera","Sphingidae","Larva",NA,NA,NA,NA,NA
"494",0,"Manduca sexta","Celerio euphorbiae NPV","Lepidoptera","Sphingidae","Larva",NA,NA,NA,NA,NA
"495",0,"Helicoverpa zea","Aedes taeniorhynchus IV (RMIV)","Lepidoptera","Noctuidae","",NA,NA,NA,NA,NA
"496",0,"Galleria mellonella","Aedes taeniorhynchus IV (RMIV)","Lepidoptera","Pyralidae","",NA,NA,NA,NA,NA
"497",0,"Aedes taeniorhynchus","Corethrella brakeleyi IV","Diptera","Culicidae","Larva",NA,NA,NA,NA,NA
"498",0,"Aedes sollicitans","Corethrella brakeleyi IV","Diptera","Culicidae","Larva",NA,NA,NA,NA,NA
"499",0,"Psorophora ferox","Corethrella brakeleyi IV","Diptera","Culicidae","Larva",NA,NA,NA,NA,NA
"500",0,"Culiseta inornata","Culiseta IV","Diptera","Culicidae","",NA,NA,NA,NA,NA
"501",0,"Culiseta melanura","Culiseta IV","Diptera","Culicidae","",NA,NA,NA,NA,NA
"502",0,"Culex salinarius","Culiseta IV","Diptera","Culicidae","",NA,NA,NA,NA,NA
"503",0,"Culex territans","Culiseta IV","Diptera","Culicidae","",NA,NA,NA,NA,NA
"504",0,"Orgyia pseudotsugata","Choristoneura fumiferana NPV  (CfMNPV)","Lepidoptera","Lymantriidae","",NA,NA,NA,NA,NA
"505",0,"Orgyia pseudotsugata","Choristoneura fumiferana GV","Lepidoptera","Lymantriidae","",NA,NA,NA,NA,NA
"506",0,"Galleria mellonella","Mattesia trogodermae","Lepidoptera","Pyralidae","",NA,NA,NA,NA,NA
"507",0,"Agrotis ipsilon","Mattesia trogodermae","Lepidoptera","Noctuidae","",NA,NA,NA,NA,NA
"508",0,"Apis mellifera","Mattesia trogodermae","Hymenoptera","Apidae","",NA,NA,NA,NA,NA
"509",0,"Anagasta kuehniella","Mattesia trogodermae","Lepidoptera","Pyralidae","",NA,NA,NA,NA,NA
"510",0,"Plodia interpunctella ","Mattesia trogodermae","Lepidoptera","Pyralidae","",NA,NA,NA,NA,NA
"511",0,"Cryptolestes pusillus","Mattesia trogodermae","Coleoptera","Laemophloeidae","",NA,NA,NA,NA,NA
"512",0,"Psorophora ciliata","Nosema algerae","Diptera","Culicidae","",NA,NA,NA,NA,NA
"513",0,"Toxorhynchites rutilus septentrionalis","Nosema algerae","Diptera","Culicidae","",NA,NA,NA,NA,NA
"514",0,"Acleris variana","Nosema fumiferanae","Lepidoptera","Tortricidae","",NA,NA,NA,NA,NA
"515",0,"Malacosoma disstria","Nosema fumiferanae","Lepidoptera","Lasiocampidae","",NA,NA,NA,NA,NA
"516",0,"Apanteles fumiferanae","Nosema fumiferanae","Hymenoptera","Braconidae","",NA,NA,NA,NA,NA
"517",0,"Glypta fumiferanae","Nosema fumiferanae","Hymenoptera","Ichneumonidae","",NA,NA,NA,NA,NA
"518",0,"Galleria mellonella","Nosema fumiferanae","Lepidoptera","Pyralidae","",NA,NA,NA,NA,NA
"519",0,"Bombyx mori","Nosema fumiferanae","Lepidoptera","Bombycidae","",NA,NA,NA,NA,NA
"520",0,"Hyphantria cunea","Nosema fumiferanae","Lepidoptera","Arctiidae","",NA,NA,NA,NA,NA
"521",0,"Gryllus assimilis","Nosema fumiferanae","Orthoptera","Gryllidae","",NA,NA,NA,NA,NA
"522",0,"Conotrachelus nenuphar","Nosema gasti","Coleoptera","Curculionidae","",NA,NA,NA,NA,NA
"523",0,"Coleomegilla maculata lengi","Nosema gasti","Coleoptera","Coccinellidae","",NA,NA,NA,NA,NA
"524",0,"Coccinella novemnotata","Nosema gasti","Coleoptera","Coccinellidae","",NA,NA,NA,NA,NA
"525",0,"Hippodamia convergens","Nosema gasti","Coleoptera","Coccinellidae","",NA,NA,NA,NA,NA
"526",0,"Chilocorus stigma","Nosema gasti","Coleoptera","Coccinellidae","",NA,NA,NA,NA,NA
"527",0,"Diabrotica undecimpunctata","Nosema gasti","Coleoptera","Chrysomelidae","",NA,NA,NA,NA,NA
"528",0,"Aplomya caesar","Nosema pyrausta","Diptera","Tachinidae","",NA,NA,NA,NA,NA
"529",0,"Eriborus terebrans","Nosema pyrausta","Hymenoptera","Ichneumonidae","",NA,NA,NA,NA,NA
"530",0,"Bombyx mori","Pleistophora schubergi","Lepidoptera","Bombycidae","",NA,NA,NA,NA,NA
"531",0,"Galleria mellonella","Pleistophora schubergi","Lepidoptera","Pyralidae","",NA,NA,NA,NA,NA
"532",0,"Oryzaephilus surinamensis","Pleistophora schubergi","Coleoptera","Sylvanidae","",NA,NA,NA,NA,NA
"533",0,"Tenebrio molitor","Pleistophora schubergi","Coleoptera","Tenebrionidae","",NA,NA,NA,NA,NA
"534",0,"Tribolium castaneum","Pleistophora schubergi","Coleoptera","Tenebrionidae","",NA,NA,NA,NA,NA
"535",0,"Artogeia rapae","Vairimorpha necatrix","","","",NA,NA,NA,NA,NA
"536",0,"Phryganidia californica","Vairimorpha necatrix","Lepidoptera","Notodontidae","",NA,NA,NA,NA,NA
"537",0,"Depressaria pastinacella","Vairimorpha necatrix","Lepidoptera","Oecophoridae","Larva",NA,NA,NA,NA,NA
"538",0,"Manduca sexta","Vairimorpha necatrix","Lepidoptera","Sphingidae","Larva",NA,NA,NA,NA,NA
"539",0,"Manduca quinquemaculata","Vairimorpha necatrix","Lepidoptera","Sphingidae","Larva",NA,NA,NA,NA,NA
"540",0,"Musca domestica","Vairimorpha necatrix","Diptera","Muscidae","Adult",NA,NA,NA,NA,NA
"541",0,"Neurotoma fasciata","Vairimorpha necatrix","Hymenoptera","Pamphiliidae","Larva",NA,NA,NA,NA,NA
"542",0,"Hypera punctata","Vairimorpha necatrix","Coleoptera","Curculionidae","Adult",NA,NA,NA,NA,NA
"543",0,"Acalymma vittatum ","Vairimorpha necatrix","Coleoptera","Chrysomelidae","Adult",NA,NA,NA,NA,NA
"544",0,"Cerotoma trifurcata","Vairimorpha necatrix","Coleoptera","Chrysomelidae","Adult",NA,NA,NA,NA,NA
"545",0,"Diabrotica undecimpunctata howardi","Vairimorpha necatrix","Coleoptera","Chrysomelidae","Adult",NA,NA,NA,NA,NA
"546",0,"Campoletis perdistinctus  ","Vairimorpha necatrix","Hymenoptera","Ichneumonidae","",NA,NA,NA,NA,NA
"547",0,"Cardiochiles nigriceps","Vairimorpha necatrix","Hymenoptera","Braconidae","",NA,NA,NA,NA,NA
"548",0,"Bonnetia comta","Vairimorpha necatrix","Diptera","Tachinidae","",NA,NA,NA,NA,NA
"549",0,"Tenebrio molitor","Vavraia culicis","Coleoptera","Tenebrionidae","",NA,NA,NA,NA,NA
"550",0,"Galleria mellonella","Vavraia culicis","Lepidoptera","Pyralidae","",NA,NA,NA,NA,NA
"551",0,"Spodoptera litura","Vavraia culicis","Lepidoptera","Noctuidae","",NA,NA,NA,NA,NA
"552",0,"Agrotis segetum","Vavraia culicis","Lepidoptera","Noctuidae","",NA,NA,NA,NA,NA
"553",0,"Danaus plexippus","Entomophaga maimaiga","Lepidoptera","Danaidae","Larva",NA,NA,NA,NA,NA
"554",0,"Alsophila pometaria","Entomophaga maimaiga","Lepidoptera","Geometridae","Larva",NA,NA,NA,NA,NA
"555",0,"Phigalia titea","Entomophaga maimaiga","Lepidoptera","Geometridae","Larva",NA,NA,NA,NA,NA
"556",0,"Automeris io","Entomophaga maimaiga","Lepidoptera","Saturniidae","Larva",NA,NA,NA,NA,NA
"557",0,"Callosamia angulifera","Entomophaga maimaiga","Lepidoptera","Saturniidae","Larva",NA,NA,NA,NA,NA
"558",0,"Heterocampa umbrata","Entomophaga maimaiga","Lepidoptera","Notodontidae","Larva",NA,NA,NA,NA,NA
"559",0,"Catocala vidua","Entomophaga maimaiga","Lepidoptera","Noctuidae","Larva",NA,NA,NA,NA,NA
"560",0,"Pyreferra hesperidago","Entomophaga maimaiga","Lepidoptera","Noctuidae","Larva",NA,NA,NA,NA,NA
"561",0,"Eupsilia vinulenta","Entomophaga maimaiga","Lepidoptera","Noctuidae","Larva",NA,NA,NA,NA,NA
"562",0,"Sericaglaea signata","Entomophaga maimaiga","Lepidoptera","Noctuidae","Larva",NA,NA,NA,NA,NA
"563",0,"Chaetoglaea sericea","Entomophaga maimaiga","Lepidoptera","Noctuidae","Larva",NA,NA,NA,NA,NA
"564",0,"Sunira bicolorago","Entomophaga maimaiga","Lepidoptera","Noctuidae","Larva",NA,NA,NA,NA,NA
"565",0,"Orthosia hibisci","Entomophaga maimaiga","Lepidoptera","Noctuidae","Larva",NA,NA,NA,NA,NA
"566",0,"Epargyreus clarus","Entomophaga maimaiga","Lepidoptera","Hesperiidae","Larva",NA,NA,NA,NA,NA
"567",0,"Erynnis juvenalis","Entomophaga maimaiga","Lepidoptera","Hesperiidae","Larva",NA,NA,NA,NA,NA
"568",0,"Battus philenor","Entomophaga maimaiga","Lepidoptera","Papilionidae","Larva",NA,NA,NA,NA,NA
"569",0,"Papilio glaucus","Entomophaga maimaiga","Lepidoptera","Papilionidae","Larva",NA,NA,NA,NA,NA
"570",0,"Asterocampa clyton","Entomophaga maimaiga","Lepidoptera","Apaturidae","Larva",NA,NA,NA,NA,NA
"571",0,"Geina periscelidactyla","Entomophaga maimaiga","Lepidoptera","Pterophoridae","Larva",NA,NA,NA,NA,NA
"572",0,"Itame pustularia","Entomophaga maimaiga","Lepidoptera","Geometridae","Larva",NA,NA,NA,NA,NA
"573",0,"Phigalia strigataria","Entomophaga maimaiga","Lepidoptera","Geometridae","Larva",NA,NA,NA,NA,NA
"574",0,"Erannis tiliaria","Entomophaga maimaiga","Lepidoptera","Geometridae","Larva",NA,NA,NA,NA,NA
"575",0,"Lomographa glomeraria","Entomophaga maimaiga","Lepidoptera","Geometridae","Larva",NA,NA,NA,NA,NA
"576",0,"Ennomos magnaria","Entomophaga maimaiga","Lepidoptera","Geometridae","Larva",NA,NA,NA,NA,NA
"577",0,"Besma quercivoraria","Entomophaga maimaiga","Lepidoptera","Geometridae","Larva",NA,NA,NA,NA,NA
"578",0,"Lambdina pellucidaria","Entomophaga maimaiga","Lepidoptera","Geometridae","Larva",NA,NA,NA,NA,NA
"579",0,"Eutrapela clemataria","Entomophaga maimaiga","Lepidoptera","Geometridae","Larva",NA,NA,NA,NA,NA
"580",0,"Prochoerodes transversata","Entomophaga maimaiga","Lepidoptera","Geometridae","Larva",NA,NA,NA,NA,NA
"581",0,"Hydria prunivorata","Entomophaga maimaiga","Lepidoptera","Geometridae","Larva",NA,NA,NA,NA,NA
"582",0,"Apatelodes torrefacta","Entomophaga maimaiga","Lepidoptera","Apatelodidae","Larva",NA,NA,NA,NA,NA
"583",0,"Antheraea polyphemus","Entomophaga maimaiga","Lepidoptera","Saturniidae","Larva",NA,NA,NA,NA,NA
"584",0,"Laothoe juglandis","Entomophaga maimaiga","Lepidoptera","Sphingidae","Larva",NA,NA,NA,NA,NA
"585",0,"Heterocampa biundata","Entomophaga maimaiga","Lepidoptera","Notodontidae","Larva",NA,NA,NA,NA,NA
"586",0,"Spilosoma congrua","Entomophaga maimaiga","Lepidoptera","Arctiidae","Larva",NA,NA,NA,NA,NA
"587",0,"Lophocampa caryae","Entomophaga maimaiga","Lepidoptera","Arctiidae","Larva",NA,NA,NA,NA,NA
"588",0,"Colocasia propinquilinea","Entomophaga maimaiga","Lepidoptera","Noctuidae","Larva",NA,NA,NA,NA,NA
"589",0,"Nedra ramosula","Entomophaga maimaiga","Lepidoptera","Noctuidae","Larva",NA,NA,NA,NA,NA
"590",0,"Lithophane semiusta","Entomophaga maimaiga","Lepidoptera","Noctuidae","Larva",NA,NA,NA,NA,NA
"591",0,"Lithophane grotei","Entomophaga maimaiga","Lepidoptera","Noctuidae","Larva",NA,NA,NA,NA,NA
"592",0,"Lithophane unimoda","Entomophaga maimaiga","Lepidoptera","Noctuidae","Larva",NA,NA,NA,NA,NA
"593",0,"Crocigrapha normani","Entomophaga maimaiga","Lepidoptera","Noctuidae","Larva",NA,NA,NA,NA,NA
"594",0,"Morrisonia confusa","Entomophaga maimaiga","Lepidoptera","Noctuidae","Larva",NA,NA,NA,NA,NA
"595",0,"Anopheles atroparvus","Nosema algerae","Diptera","Culicidae","Larva",NA,NA,NA,NA,NA
"596",0,"Spilosoma virginica","Nosema algerae","Lepidoptera","Arctiidae","Larva",NA,NA,NA,NA,NA
"597",0,"Spodoptera ornithogalli","Nosema algerae","Lepidoptera","Noctuidae","Larva",NA,NA,NA,NA,NA
"598",0,"Blaberus discoidalis","Nosema algerae","Blattodea","Blaberidae","Nymph",NA,NA,NA,NA,NA
"599",0,"Colias eurytheme","Vairimorpha necatrix","Lepidoptera","Pieridae","Larva",NA,NA,NA,NA,NA
"600",0,"Plodia interpunctella ","Pleistophora schubergi","Lepidoptera","Pyralidae","Larva",NA,NA,NA,NA,NA
"601",0,"Agrotis segetum","Heliothis zea NPV (HzSNPV)","Lepidoptera","Noctuidae","",NA,NA,NA,NA,NA
"602",0,"Anthela varia","Heliothis zea NPV (HzSNPV)","Lepidoptera","Anthelidae","",NA,NA,NA,NA,NA
"603",0,"Cactoblastis cactorum","Heliothis zea NPV (HzSNPV)","Lepidoptera","Pyralidae","",NA,NA,NA,NA,NA
"604",0,"Chrysodeixis chalcites","Heliothis zea NPV (HzSNPV)","Lepidoptera","Noctuidae","",NA,NA,NA,NA,NA
"605",0,"Euproctis subflava","Heliothis zea NPV (HzSNPV)","Lepidoptera","Lymantriidae","",NA,NA,NA,NA,NA
"606",0,"Galleria mellonella","Heliothis zea NPV (HzSNPV)","Lepidoptera","Pyralidae","",NA,NA,NA,NA,NA
"607",0,"Lymantria dispar","Heliothis zea NPV (HzSNPV)","Lepidoptera","Lymantriidae","",NA,NA,NA,NA,NA
"608",0,"Manduca quinquemaculata","Heliothis zea NPV (HzSNPV)","Lepidoptera","Sphingidae","",NA,NA,NA,NA,NA
"609",0,"Manduca sexta","Heliothis zea NPV (HzSNPV)","Lepidoptera","Sphingidae","",NA,NA,NA,NA,NA
"610",0,"Nomophila nearctica","Heliothis zea NPV (HzSNPV)","Lepidoptera","Pyralidae","",NA,NA,NA,NA,NA
"611",0,"Orgyia anartoides","Heliothis zea NPV (HzSNPV)","Lepidoptera","Lymantriidae","",NA,NA,NA,NA,NA
"612",0,"Papilio xuthus","Heliothis zea NPV (HzSNPV)","Lepidoptera","Papilionidae","",NA,NA,NA,NA,NA
"613",0,"Pieris brassicae","Heliothis zea NPV (HzSNPV)","Lepidoptera","Pieridae","",NA,NA,NA,NA,NA
"614",0,"Artogeia rapae","Heliothis zea NPV (HzSNPV)","","","",NA,NA,NA,NA,NA
"615",0,"Plusia nigrisigna","Heliothis zea NPV (HzSNPV)","Lepidoptera","Noctuidae","",NA,NA,NA,NA,NA
"616",0,"Plutella xylostella","Heliothis zea NPV (HzSNPV)","Lepidoptera","Plutellidae","",NA,NA,NA,NA,NA
"617",0,"Spodoptera exigua","Heliothis zea NPV (HzSNPV)","Lepidoptera","Noctuidae","",NA,NA,NA,NA,NA
"618",0,"Spodoptera frugiperda","Heliothis zea NPV (HzSNPV)","Lepidoptera","Noctuidae","",NA,NA,NA,NA,NA
"619",0,"Spodoptera litura","Heliothis zea NPV (HzSNPV)","Lepidoptera","Noctuidae","",NA,NA,NA,NA,NA
"620",0,"Spodoptera mauritia","Heliothis zea NPV (HzSNPV)","Lepidoptera","Noctuidae","",NA,NA,NA,NA,NA
"621",0,"Spodoptera ornithogalli","Heliothis zea NPV (HzSNPV)","Lepidoptera","Noctuidae","",NA,NA,NA,NA,NA
"622",0,"Trichoplusia ni","Heliothis zea NPV (HzSNPV)","Lepidoptera","Noctuidae","",NA,NA,NA,NA,NA
"623",0,"Apis mellifera","Heliothis zea NPV (HzSNPV)","Hymenoptera","Apidae","",NA,NA,NA,NA,NA
"624",0,"Brachymeria intermedia","Heliothis zea NPV (HzSNPV)","Hymenoptera","Chalcididae","",NA,NA,NA,NA,NA
"625",0,"Campoletis perdistinctus  ","Heliothis zea NPV (HzSNPV)","Hymenoptera","Ichneumonidae","",NA,NA,NA,NA,NA
"626",0,"Chelonus blackburni","Heliothis zea NPV (HzSNPV)","Hymenoptera","Braconidae","",NA,NA,NA,NA,NA
"627",0,"Meteorus leviventris","Heliothis zea NPV (HzSNPV)","Hymenoptera","Braconidae","",NA,NA,NA,NA,NA
"628",0,"Musca domestica","Heliothis zea NPV (HzSNPV)","Diptera","Muscidae","",NA,NA,NA,NA,NA
"629",0,"Voria ruralis","Heliothis zea NPV (HzSNPV)","Diptera","Tachinidae","",NA,NA,NA,NA,NA
"630",0,"Hippodamia convergens","Heliothis zea NPV (HzSNPV)","Coleoptera","Coccinellidae","",NA,NA,NA,NA,NA
"631",0,"Phaedon brassicae","Heliothis zea NPV (HzSNPV)","Coleoptera","Chrysomelidae","",NA,NA,NA,NA,NA
"632",0,"Chrysopa carnea","Heliothis zea NPV (HzSNPV)","Neuroptera","Chrysopidae","",NA,NA,NA,NA,NA
"633",0,"Geocoris pallens","Heliothis zea NPV (HzSNPV)","Heteroptera","Lygaeidae","",NA,NA,NA,NA,NA
"634",0,"Laodelphax striatellus","Heliothis zea NPV (HzSNPV)","Homoptera","Delphacidae","",NA,NA,NA,NA,NA
"635",0,"Orius tristicolor","Heliothis zea NPV (HzSNPV)","Heteroptera","Anthocoridae","",NA,NA,NA,NA,NA
"636",0,"Nephotettix cincticeps","Heliothis zea NPV (HzSNPV)","Homoptera","Cicadellidae","",NA,NA,NA,NA,NA
"637",0,"Nilaparvata lugens","Heliothis zea NPV (HzSNPV)","Homoptera","Delphacidae","",NA,NA,NA,NA,NA
"638",0,"Euchaetes egle","Anagrapha falcifera NPV (AfMNPV)","Lepidoptera","Arctiidae","Larva",NA,NA,NA,NA,NA
"639",0,"Feltia jaculifera","Anagrapha falcifera NPV (AfMNPV)","Lepidoptera","Noctuidae","Larva",NA,NA,NA,NA,NA
"640",0,"Lacinipolia renigera","Anagrapha falcifera NPV (AfMNPV)","Lepidoptera","Noctuidae","Larva",NA,NA,NA,NA,NA
"641",0,"Hypena scabra","Anagrapha falcifera NPV (AfMNPV)","Lepidoptera","Noctuidae","Larva",NA,NA,NA,NA,NA
"642",0,"Symmerista albifrons","Anagrapha falcifera NPV (AfMNPV)","Lepidoptera","Notodontidae","Larva",NA,NA,NA,NA,NA
"643",0,"Elasmopalpus lignosellus","Anagrapha falcifera NPV (AfMNPV)","Lepidoptera","Pyralidae","Larva",NA,NA,NA,NA,NA
"644",0,"Ceratomia catalpae","Anagrapha falcifera NPV (AfMNPV)","Lepidoptera","Sphingidae","Larva",NA,NA,NA,NA,NA
"645",0,"Zygogramma suturalis","Anagrapha falcifera NPV (AfMNPV)","Coleoptera","Chrysomelidae","Larva",NA,NA,NA,NA,NA
"646",0,"Chironomus riparius","Anagrapha falcifera NPV (AfMNPV)","Diptera","Chironomidae","Larva",NA,NA,NA,NA,NA
"647",0,"Musca domestica","Anagrapha falcifera NPV (AfMNPV)","Diptera","Muscidae","Larva",NA,NA,NA,NA,NA
"648",0,"Heliothis virescens","Spodoptera exigua NPV  (SeMNPV)","Lepidoptera","Noctuidae","Larva",NA,NA,NA,NA,NA
"649",0,"Spodoptera frugiperda","Spodoptera exigua NPV  (SeMNPV)","Lepidoptera","Noctuidae","Larva",NA,NA,NA,NA,NA
"650",0,"Trichoplusia ni","Spodoptera exigua NPV  (SeMNPV)","Lepidoptera","Noctuidae","Larva",NA,NA,NA,NA,NA
"651",0,"Trichoplusia ni","Plusia gamma NPV (PgSNPV)","Lepidoptera","Noctuidae","Larva",NA,NA,NA,NA,NA
"652",0,"Epiplatys bifasciatus","Bacillus sphaericus","Heteroptera","Nepidae","",NA,NA,NA,NA,NA
"653",0,"Simulium vittatum","Bacillus sphaericus","Diptera","Simuliidae","Larva",NA,NA,NA,NA,NA
"654",0,"Plodia interpunctella ","Bacillus sphaericus","Lepidoptera","Pyralidae","",NA,NA,NA,NA,NA
"655",0,"Lasioderma serricorne","Bacillus sphaericus","Coleoptera","Anobiidae","",NA,NA,NA,NA,NA
"656",0,"Apis mellifera","Bacillus sphaericus","Hymenoptera","Apidae","",NA,NA,NA,NA,NA
"657",0,"Amphimallon solstitialis","Bacillus popilliae","Coleoptera","Scarabaeidae","",NA,NA,NA,NA,NA
"658",0,"Cetonia aurata","Bacillus popilliae","Coleoptera","Scarabaeidae","",NA,NA,NA,NA,NA
"659",0,"Lichnanthe vulpina","Bacillus popilliae","Coleoptera","Scarabaeidae","",NA,NA,NA,NA,NA
"660",0,"Maladera castanea","Bacillus popilliae","Coleoptera ","Scarabaeidae ","",NA,NA,NA,NA,NA
"661",0,"Oryctes nasicornis","Bacillus popilliae","Coleoptera","Scarabaeidae","",NA,NA,NA,NA,NA
"662",0,"Phyllophaga fusca","Bacillus popilliae","Coleoptera","Scarabaeidae","",NA,NA,NA,NA,NA
"663",0,"Phyllophaga futilis","Bacillus popilliae","Coleoptera","Scarabaeidae","",NA,NA,NA,NA,NA
"664",0,"Phyllophaga hirticula","Bacillus popilliae","Coleoptera","Scarabaeidae","",NA,NA,NA,NA,NA
"665",0,"Phyllophaga inversa","Bacillus popilliae","Coleoptera","Scarabaeidae","",NA,NA,NA,NA,NA
"666",0,"Phyllophaga rugosa","Bacillus popilliae","Coleoptera","Scarabaeidae","",NA,NA,NA,NA,NA
"667",0,"Coleomegilla maculata","Nosema epilachnae","Coleoptera","Coccinellidae","Adult",NA,NA,NA,NA,NA
"668",0,"Psorophora ciliata","Nosema algerae","Diptera","Culicidae","",NA,NA,NA,NA,NA
"669",0,"Toxorhynchites rutilus septentrionalis","Nosema algerae","Diptera","Culicidae","",NA,NA,NA,NA,NA
"670",0,"Megachile rotundata","Aspergillus parasiticus","Hymenoptera","Megachilidae","EggLarvaPupa",NA,NA,NA,NA,NA
"671",0,"Megachile rotundata","Beauveria bassiana","Hymenoptera","Megachilidae","EggLarvaPupa",NA,NA,NA,NA,NA
"672",0,"Hyalophora cecropia","Nosema whitei","Lepidoptera","Saturniidae","Larva",NA,NA,NA,NA,NA
"673",0,"Samia cynthia","Nosema whitei","Lepidoptera","Saturniidae","Larva",NA,NA,NA,NA,NA
"674",0,"Manduca sexta","Nosema whitei","Lepidoptera","Sphingidae","Larva",NA,NA,NA,NA,NA
"675",0,"Blaberus craniifer","Nosema whitei","Blattodea","Blaberidae","Larva",NA,NA,NA,NA,NA
"676",0,"Byrsotria fumigata","Nosema whitei","Blattodea","Blattidae","Larva",NA,NA,NA,NA,NA
"677",0,"Periplaneta americana","Nosema whitei","Blattodea","Blattidae","Larva",NA,NA,NA,NA,NA
"678",0,"Aedes aegypti","Tetrahymena pyriformis","Diptera","Culicidae","Larva",NA,NA,NA,NA,NA
"679",0,"Rhizotrogus majalis","Bacillus popilliae","Coleoptera ","Scarabaeidae ","Larva",NA,NA,NA,NA,NA
"680",0,"Cetonia aurata","Bacillus euloomarahae","Coleoptera","Scarabaeidae","Larva",NA,NA,NA,NA,NA
"681",0,"Melolontha melolontha","Bacillus euloomarahae","Coleoptera","Scarabaeidae","Larva",NA,NA,NA,NA,NA
"682",0,"Oryctes nasicornis","Bacillus euloomarahae","Coleoptera","Scarabaeidae","Larva",NA,NA,NA,NA,NA
"683",0,"Antheraea yamamai","Bombyx mori CPV","Lepidoptera","Saturniidae","Larva",NA,NA,NA,NA,NA
"684",0,"Antheraea pernyi","Bombyx mori CPV","Lepidoptera","Saturniidae","Larva",NA,NA,NA,NA,NA
"685",0,"Samia cynthia pryeri","Bombyx mori CPV","Lepidoptera","Saturniidae","Larva",NA,NA,NA,NA,NA
"686",0,"Dendrolimus spectabilis","Bombyx mori CPV","Lepidoptera","Lasiocampidae","Larva",NA,NA,NA,NA,NA
"687",0,"Polia illoba","Bombyx mori CPV","Lepidoptera","Noctuidae","Larva",NA,NA,NA,NA,NA
"688",0,"Spilosoma imparilis","Bombyx mori CPV","Lepidoptera","Arctiidae","Larva",NA,NA,NA,NA,NA
"689",0,"Artogeia rapae crucivora","Bombyx mori CPV","Lepidoptera","Pieridae","Larva",NA,NA,NA,NA,NA
"690",0,"Antheraea yamamai","Dendrolimus spectabilis CPV","Lepidoptera","Saturniidae","Larva",NA,NA,NA,NA,NA
"691",0,"Antheraea pernyi","Dendrolimus spectabilis CPV","Lepidoptera","Saturniidae","Larva",NA,NA,NA,NA,NA
"692",0,"Samia cynthia pryeri","Dendrolimus spectabilis CPV","Lepidoptera","Saturniidae","Larva",NA,NA,NA,NA,NA
"693",0,"Samia cynthia ricini","Dendrolimus spectabilis CPV","Lepidoptera","Saturniidae","Larva",NA,NA,NA,NA,NA
"694",0,"Musca domestica","Leptomonas sarcophagae","Diptera","Muscidae","",NA,NA,NA,NA,NA
"695",0,"Drosophila melanogaster","Herpetomonas muscarum","Diptera","Drosophilidae","",NA,NA,NA,NA,NA
"696",0,"Gerris remigis","Leptomonas ctenocephali","Heteroptera","Gerridae","",NA,NA,NA,NA,NA
"697",0,"Gerris remigis","Herpetomonas muscarum","Heteroptera","Gerridae","",NA,NA,NA,NA,NA
"698",0,"Ctenocephalides canis","Herpetomonas muscarum","Siphonaptera","Pulicidae","",NA,NA,NA,NA,NA
"699",0,"Musca domestica","Leptomonas ctenocephali","Diptera","Muscidae","",NA,NA,NA,NA,NA
"700",0,"Musca domestica","Blastocrithidia gerridis","Diptera","Muscidae","",NA,NA,NA,NA,NA
"701",0,"Triatoma sp.","Crithidia fasciculata","Heteroptera","Reduviidae","",NA,NA,NA,NA,NA
"702",0,"Simulium vittatum","Bacillus alvei","Diptera","Simuliidae","Larva",NA,NA,NA,NA,NA
"703",0,"Cnephia ornithophilia","Nosema algerae","Diptera","Simuliidae","Larva",NA,NA,NA,NA,NA
"704",0,"Cnephia ornithophilia","Nosema eurytremae","Diptera","Simuliidae","Larva",NA,NA,NA,NA,NA
"705",0,"Cnephia ornithophilia","Vairimorpha necatrix","Diptera","Simuliidae","Larva",NA,NA,NA,NA,NA
"706",0,"Simulium verecundum","Nosema algerae","Diptera","Simuliidae","Larva",NA,NA,NA,NA,NA
"707",0,"Simulium verecundum","Nosema eurytremae","Diptera","Simuliidae","Larva",NA,NA,NA,NA,NA
"708",0,"Simulium verecundum","Vairimorpha necatrix","Diptera","Simuliidae","Larva",NA,NA,NA,NA,NA
"709",0,"Simulium vittatum","Nosema algerae","Diptera","Simuliidae","Larva",NA,NA,NA,NA,NA
"710",0,"Simulium vittatum","Nosema eurytremae","Diptera","Simuliidae","Larva",NA,NA,NA,NA,NA
"711",0,"Simulium vittatum","Vairimorpha necatrix","Diptera","Simuliidae","Larva",NA,NA,NA,NA,NA
"712",0,"Tenebrio molitor","Nosema destructor","Coleoptera","Tenebrionidae","Larva",NA,NA,NA,NA,NA
"713",0,"Estigmene acrea","Nosema destructor","Lepidoptera","Arctiidae","Larva",NA,NA,NA,NA,NA
"714",0,"Tenebrio molitor","Pleistophora californica","Coleoptera","Tenebrionidae","Larva",NA,NA,NA,NA,NA
"715",0,"Estigmene acrea","Pleistophora californica","Lepidoptera","Arctiidae","Larva",NA,NA,NA,NA,NA
"716",0,"Depressaria heraclina","Vairimorpha necatrix","Lepidoptera","Oecophoridae","Larva",NA,NA,NA,NA,NA
"717",0,"Coptotomus interrogatus","Nosema algerae","Coleoptera","Dytiscidae","",NA,NA,NA,NA,NA
"718",0,"Belostoma fluminea","Nosema algerae","","","",NA,NA,NA,NA,NA
"719",0,"Ranatra australis","Nosema algerae","Heteroptera","Nepidae","",NA,NA,NA,NA,NA
"720",0,"Agrotis ipsilon","Nosema algerae","Lepidoptera","Noctuidae","",NA,NA,NA,NA,NA
"721",0,"Galleria mellonella","Nosema algerae","Lepidoptera","Pyralidae","",NA,NA,NA,NA,NA
"722",0,"Chauliodes rastricornis","Nosema algerae","Neuroptera","Corydalidae","",NA,NA,NA,NA,NA
"723",0,"Anax junius","Nosema algerae","Odonata","Aeshnidae","Larva",NA,NA,NA,NA,NA
"724",0,"Nauphoeta cinerea","Nosema algerae","Blattodea","Blaberidae","",NA,NA,NA,NA,NA
"725",0,"Panchlora nivea","Nosema algerae","Blattodea","Blaberidae","",NA,NA,NA,NA,NA
"726",0,"Blatta orientalis","Nosema algerae","Blattodea","Blattidae","",NA,NA,NA,NA,NA
"727",0,"Eurycotis floridana","Nosema algerae","Blattodea","Blattidae","",NA,NA,NA,NA,NA
"728",0,"Periplaneta americana","Nosema algerae","Blattodea","Blattidae","",NA,NA,NA,NA,NA
"729",0,"Corydalus cornutus","Nosema algerae","Neuroptera","Corydalidae","",NA,NA,NA,NA,NA
"730",0,"Trichoplusia ni","Nosema gasti","Lepidoptera","Noctuidae","",NA,NA,NA,NA,NA
"731",0,"Acheta domesticus","Nosema locustae","Orthoptera","Gryllidae","",NA,NA,NA,NA,NA
"732",0,"Helicoverpa zea","Nosema locustae","Lepidoptera","Noctuidae","",NA,NA,NA,NA,NA
"733",0,"Apis mellifera","Nosema locustae","Hymenoptera","Apidae","",NA,NA,NA,NA,NA
"734",0,"Agrotis ipsilon","Nosema locustae","Lepidoptera","Noctuidae","",NA,NA,NA,NA,NA
"735",0,"Tribolium confusum","Vairimorpha necatrix","Coleoptera","Tenebrionidae","",NA,NA,NA,NA,NA
"736",0,"Drosophila sp.","Nosema trichoplusiae","Diptera","Drosophilidae","Larva",NA,NA,NA,NA,NA
"737",0,"Ceratitis capitata","Nosema trichoplusiae","Diptera","Tephritidae","Larva",NA,NA,NA,NA,NA
"738",0,"Bactrocera cucurbitae","Nosema trichoplusiae","Diptera","Tephritidae","Larva",NA,NA,NA,NA,NA
"739",0,"Bactrocera dorsalis","Nosema trichoplusiae","Diptera","Tephritidae","Larva",NA,NA,NA,NA,NA
"740",0,"Hydrophilus sp.","Nosema algerae","Coleoptera","Hydrophilidae","",NA,NA,NA,NA,NA
"741",0,"Manduca sexta","Nosema heliothidis","Lepidoptera","Sphingidae","",NA,NA,NA,NA,NA
"742",0,"Manduca sexta","Nosema trichoplusiae","Lepidoptera","Sphingidae","",NA,NA,NA,NA,NA
"743",0,"Manduca sexta","Nosema acridophagus","Lepidoptera","Sphingidae","",NA,NA,NA,NA,NA
"744",0,"Apis mellifera","Beauveria brongniartii","Hymenoptera","Apidae","Adult",NA,NA,NA,NA,NA
"745",0,"Apotomopterus japonicus","Beauveria brongniartii","Coleoptera","Carabidae","Adult",NA,NA,NA,NA,NA
"746",0,"Apotomopterus dehaani","Beauveria brongniartii","Coleoptera","Carabidae","Adult",NA,NA,NA,NA,NA
"747",0,"Lymantria dispar","Furia pieris","Lepidoptera","Lymantriidae","Larva",NA,NA,NA,NA,NA
"748",0,"Galleria mellonella","Furia pieris","Lepidoptera","Pyralidae","Larva",NA,NA,NA,NA,NA
"749",0,"Ostrinia nubilalis","Furia pieris","Lepidoptera","Pyralidae","Larva",NA,NA,NA,NA,NA
"750",0,"Plodia interpunctella","Furia pieris","Lepidoptera","Pyralidae","Larva",NA,NA,NA,NA,NA
"751",0,"Leptinotarsa decemlineata","Furia pieris","Coleoptera","Chrysomelidae","",NA,NA,NA,NA,NA
"752",0,"Epilachna varivestis","Furia pieris","Coleoptera","Coccinellidae","",NA,NA,NA,NA,NA
"753",0,"Tribolium confusum","Furia pieris","Coleoptera","Tenebrionidae","",NA,NA,NA,NA,NA
"754",0,"Aphis fabae","Furia pieris","Homoptera","Aphididae","",NA,NA,NA,NA,NA
"755",0,"Brevicoryne brassicae","Furia pieris","Homoptera","Aphididae","",NA,NA,NA,NA,NA
"756",0,"Trichoplusia ni","Tolypocladium cylindrosporum","Lepidoptera","Noctuidae","Larva",NA,NA,NA,NA,NA
"757",0,"Mamestra brassicae","Tolypocladium cylindrosporum","Lepidoptera","Noctuidae","Larva",NA,NA,NA,NA,NA
"758",0,"Galleria mellonella","Tolypocladium cylindrosporum","Lepidoptera","Pyralidae","Larva",NA,NA,NA,NA,NA
"759",0,"Tenebrio molitor","Tolypocladium cylindrosporum","Coleoptera","Tenebrionidae","Larva",NA,NA,NA,NA,NA
"760",0,"Sitobion avenae","Tolypocladium cylindrosporum","Homoptera","Aphididae","Adult",NA,NA,NA,NA,NA
"761",0,"Bemisia tabaci","Tolypocladium cylindrosporum","Homoptera","Aleyrodidae","Nymph",NA,NA,NA,NA,NA
"762",0,"Musca domestica","Tolypocladium cylindrosporum","Diptera","Muscidae","Adult",NA,NA,NA,NA,NA
"763",0,"Blattella germanica","Tolypocladium cylindrosporum","Blattodea","Blattellidae","AdultNymph",NA,NA,NA,NA,NA
